Ticker,Company,Sector,Industry,Country,Market Cap,P/E,Price,Change,Volume,Perf Week,Perf Month,Perf Quart,Perf Half,Perf YTD,Perf Year,Perf 3Y,Perf 5Y,Perf 10Y,Volatility W,Volatility M,Avg Volume,Rel Volume,Price_perf,Change_perf,Volume_perf,SCORE
UNIT,Uniti Group Inc,Real Estate,REIT - Specialty,USA,1990000000.0,1.64,8.32,0.10640000000000001,7768747.0,0.1243,0.2023,0.42469999999999997,-0.0571,0.1869,-0.060700000000000004,-20.25%,-60.72%,-73.52%,0.0524,0.051500000000000004,2520000.0,3.08,8.32,0.10640000000000001,7768747.0,90
AAOI,Applied Optoelectronics Inc,Technology,Communication Equipment,USA,2980000000.0,,43.61,0.10210000000000001,12000992.0,0.22089999999999999,0.2107,0.2291,0.9068999999999999,0.251,0.6437999999999999,1882.27%,298.26%,213.97%,0.1438,0.11,5200000.0,2.31,43.61,0.10210000000000001,12000992.0,89
LAND,Gladstone Land Corp,Real Estate,REIT - Specialty,USA,415530000.0,,11.15,0.068,1721959.0,0.159,0.2266,0.22390000000000002,0.212,0.2186,0.034300000000000004,-42.76%,-34.14%,49.87%,0.0441,0.0265,552730.0,3.12,11.15,0.068,1721959.0,87
ACMR,ACM Research Inc,Technology,Semiconductor Equipment & Materials,USA,3770000000.0,33.97,58.12,0.0629,2545039.0,0.1659,0.4458,0.3779,0.9144,0.4733,2.3249,401.47%,73.56%,-,0.0681,0.0605,1360000.0,1.87,58.12,0.0629,2545039.0,85
DNTH,Dianthus Therapeutics Inc,Healthcare,Biotechnology,USA,2290000000.0,,53.39,0.0006,2827517.0,0.0203,0.3035,0.5787,1.5830000000000002,0.2956,1.5594,574.12%,-61.60%,-,0.0555,0.0705,737440.0,3.83,53.39,0.0006,2827517.0,85
BKD,Brookdale Senior Living Inc,Healthcare,Medical Care Facilities,USA,3560000000.0,,15.0,0.0345,7811193.0,0.1583,0.39409999999999995,0.6759999999999999,0.9355,0.39020000000000005,2.1915,431.91%,193.54%,-3.54%,0.0487,0.037599999999999995,3980000.0,1.96,15.0,0.0345,7811193.0,83
MOD,Modine Manufacturing Co,Consumer Cyclical,Auto Parts,USA,9720000000.0,53.38,184.66,0.0449,2945838.0,0.26489999999999997,0.3663,0.1894,0.37229999999999996,0.3831,0.8803,721.08%,1262.80%,2732.21%,0.061399999999999996,0.0622,1280000.0,2.31,184.66,0.0449,2945838.0,82
TARA,Protara Therapeutics Inc,Healthcare,Biotechnology,USA,365550000.0,,7.08,0.011399999999999999,1047438.0,0.1438,0.3486,0.3615,1.2838999999999998,0.3283,0.5664,118.80%,-63.69%,-98.13%,0.08259999999999999,0.0782,981870.0,1.07,7.08,0.011399999999999999,1047438.0,82
SB,"Safe Bulkers, Inc",Industrials,Marine Shipping,Monaco,584300000.0,15.67,5.71,0.016,920111.0,0.0653,0.19210000000000002,0.2359,0.45289999999999997,0.18460000000000001,0.595,81.27%,230.06%,1235.99%,0.0298,0.0269,521909.99999999994,1.76,5.71,0.016,920111.0,80
GOLD,Gold.com Inc,Financial,Capital Markets,USA,1280000000.0,176.84,51.85,-0.031400000000000004,1132747.0,0.2027,0.5501,0.9118999999999999,1.4365999999999999,0.5228,0.9147,35.57%,309.06%,623.29%,0.09390000000000001,0.057800000000000004,593650.0,1.91,51.85,-0.031400000000000004,1132747.0,80
RES,"RPC, Inc",Energy,Oil & Gas Equipment & Services,USA,1470000000.0,30.21,6.65,-0.0075,3797582.0,0.0342,0.2157,0.33,0.4301,0.2224,0.0358,-30.73%,74.54%,-38.19%,0.040999999999999995,0.0378,1880000.0,2.02,6.65,-0.0075,3797582.0,79
DNLI,Denali Therapeutics Inc,Healthcare,Biotechnology,USA,3390000000.0,,21.74,0.0069,2748758.0,0.0736,0.3248,0.3378,0.5719,0.31679999999999997,-0.0713,-29.44%,-73.33%,-,0.061200000000000004,0.0602,1610000.0,1.71,21.74,0.0069,2748758.0,78
TTMI,TTM Technologies Inc,Technology,Electronic Components,USA,10150000000.0,78.27,98.2,0.0178,4300870.0,0.0335,0.3945,0.5457,1.0783,0.4232,3.0477999999999996,486.97%,593.01%,1675.77%,0.057,0.07490000000000001,2590000.0,1.66,98.2,0.0178,4300870.0,78
EGY,"VAALCO Energy, Inc",Energy,Oil & Gas E&P,USA,535890000.0,18.76,5.14,-0.0058,1516508.0,0.0821,0.4121,0.3282,0.38170000000000004,0.4121,0.2267,5.76%,126.43%,298.45%,0.0447,0.0471,993910.0,1.53,5.14,-0.0058,1516508.0,77
MIRM,Mirum Pharmaceuticals Inc,Healthcare,Biotechnology,USA,5330000000.0,,103.22,0.0029,805904.0,0.0947,0.3091,0.46490000000000004,0.9973000000000001,0.30670000000000003,1.1239,337.00%,427.44%,-,0.04,0.045899999999999996,756120.0,1.07,103.22,0.0029,805904.0,77
CMPX,Compass Therapeutics Inc,Healthcare,Biotechnology,USA,1140000000.0,,6.4,0.0031,2839040.0,0.08470000000000001,0.18960000000000002,0.6931,1.1549,0.1918,1.0579,52.02%,-,-,0.0653,0.07780000000000001,2170000.0,1.31,6.4,0.0031,2839040.0,77
VIAV,Viavi Solutions Inc,Technology,Communication Equipment,USA,5660000000.0,,24.46,-0.0097,7140904.0,0.3018,0.35810000000000003,0.7495999999999999,1.4338,0.3726,1.4707,118.98%,52.87%,399.18%,0.0604,0.048499999999999995,4380000.0,1.63,24.46,-0.0097,7140904.0,77
AXGN,Axogen Inc,Healthcare,Medical Devices,USA,1750000000.0,,34.85,0.025,1370796.0,0.061500000000000006,0.06480000000000001,0.5663,1.6622999999999999,0.06480000000000001,0.9033,237.69%,87.26%,595.61%,0.0479,0.049100000000000005,932620.0,1.47,34.85,0.025,1370796.0,75
WHD,Cactus Inc,Energy,Oil & Gas Equipment & Services,USA,4490000000.0,22.36,56.23,0.0063,728423.0,0.0516,0.22210000000000002,0.33030000000000004,0.32899999999999996,0.231,-0.08810000000000001,5.89%,103.81%,-,0.0346,0.0345,728480.0,1.0,56.23,0.0063,728423.0,75
WT,WisdomTree Inc,Financial,Asset Management,USA,2280000000.0,21.81,16.2,-0.0206,8239251.0,-0.0049,0.3043,0.3729,0.2208,0.32899999999999996,0.6446999999999999,189.29%,201.68%,28.88%,0.0434,0.0393,3510000.0,2.35,16.2,-0.0206,8239251.0,74
ELVN,Enliven Therapeutics Inc,Healthcare,Biotechnology,USA,1570000000.0,,26.45,0.0304,1672942.0,0.026000000000000002,0.701,0.1678,0.40619999999999995,0.7175,0.268,57.44%,-51.91%,-,0.037599999999999995,0.0956,986870.0,1.7,26.45,0.0304,1672942.0,74
ALT,Altimmune Inc,Healthcare,Biotechnology,USA,701300000.0,,5.6,0.098,6280832.0,0.0182,0.5512,0.4,0.5176,0.5512,-0.1942,-60.09%,-66.86%,-90.82%,0.1369,0.09380000000000001,4830000.0,1.3,5.6,0.098,6280832.0,74
GBCI,"Glacier Bancorp, Inc",Financial,Banks - Regional,USA,6590000000.0,25.41,50.68,0.015,2088730.0,0.0558,0.1404,0.24609999999999999,0.1563,0.1505,0.0366,8.85%,1.27%,126.45%,0.026600000000000002,0.030899999999999997,884270.0,2.36,50.68,0.015,2088730.0,74
PCVX,Vaxcyte Inc,Healthcare,Biotechnology,USA,7010000000.0,,53.57,0.014199999999999999,5275322.0,0.0159,0.1797,0.2309,0.5779,0.161,-0.3958,14.74%,105.41%,-,0.0622,0.057800000000000004,1320000.0,3.99,53.57,0.014199999999999999,5275322.0,74
TPC,Tutor Perini Corp,Industrials,Engineering & Construction,USA,4160000000.0,,78.89,-0.0121,1790291.0,0.0379,0.16149999999999998,0.1377,0.6384000000000001,0.1771,2.2478,792.42%,413.61%,638.67%,0.0391,0.0384,500390.0,3.58,78.89,-0.0121,1790291.0,72
FLNC,Fluence Energy Inc,Utilities,Utilities - Renewable,USA,5650000000.0,,30.77,-0.0253,7341111.0,0.1422,0.5493,0.5173,2.7894,0.5556,1.3222999999999998,38.23%,-,-,0.0947,0.0909,5960000.0,1.23,30.77,-0.0253,7341111.0,72
HE,"Hawaiian Electric Industries, Inc",Utilities,Utilities - Regulated Electric,USA,2640000000.0,20.18,15.32,-0.0347,3531986.0,0.0393,0.21489999999999998,0.3264,0.4291,0.2455,0.7389,-63.16%,-55.39%,-46.23%,0.0446,0.0481,3710000.0,0.95,15.32,-0.0347,3531986.0,72
LBRT,Liberty Energy Inc,Energy,Oil & Gas Equipment & Services,USA,3990000000.0,27.56,24.65,-0.027200000000000002,5137703.0,0.18280000000000002,0.3189,0.3015,0.9976,0.3353,0.1931,62.71%,103.89%,-,0.0702,0.0562,3710000.0,1.39,24.65,-0.027200000000000002,5137703.0,72
FFBC,First Financial Bancorp,Financial,Banks - Regional,USA,3000000000.0,10.81,28.74,-0.0021,2344045.0,0.0708,0.1382,0.2188,0.1856,0.1487,0.039,24.31%,40.95%,85.30%,0.029300000000000003,0.0264,796980.0,2.94,28.74,-0.0021,2344045.0,71
OIS,"Oil States International, Inc",Energy,Oil & Gas Equipment & Services,USA,506040000.0,22.59,8.47,-0.011699999999999999,1205516.0,0.0012,0.2293,0.2419,0.6973999999999999,0.2511,0.6195,-1.28%,39.77%,-68.66%,0.0375,0.0374,727380.0,1.66,8.47,-0.011699999999999999,1205516.0,71
WNC,Wabash National Corp,Industrials,Farm & Heavy Construction Machinery,USA,410430000.0,1.67,10.13,0.0191,2570105.0,-0.0039000000000000003,0.16440000000000002,0.21899999999999997,0.0171,0.1711,-0.3789,-60.13%,-39.23%,-4.52%,0.042699999999999995,0.049,557910.0,4.61,10.13,0.0191,2570105.0,70
TDW,Tidewater Inc,Energy,Oil & Gas Equipment & Services,USA,3100000000.0,21.07,62.49,0.0003,913116.0,0.0349,0.23129999999999998,0.265,0.24960000000000002,0.2372,0.1656,44.22%,485.66%,-63.83%,0.0495,0.042300000000000004,753340.0,1.21,62.49,0.0003,913116.0,70
TWI,"Titan International, Inc",Industrials,Farm & Heavy Construction Machinery,USA,610100000.0,,9.54,0.0203,715288.0,0.07429999999999999,0.2137,0.1985,0.1277,0.2184,0.08410000000000001,-40.93%,41.54%,204.79%,0.0421,0.0412,650730.0,1.1,9.54,0.0203,715288.0,70
SFL,SFL Corporation Ltd,Industrials,Marine Shipping,Bermuda,1230000000.0,,8.86,0.0034000000000000002,1865643.0,0.059800000000000006,0.1506,0.2323,-0.0349,0.1344,-0.1634,-10.05%,33.23%,-29.74%,0.0349,0.027999999999999997,1290000.0,1.44,8.86,0.0034000000000000002,1865643.0,70
CRC,California Resources Corporation,Energy,Oil & Gas E&P,USA,4780000000.0,12.44,53.5,0.0218,1095245.0,0.0901,0.1974,0.14150000000000001,0.1104,0.1966,0.049,13.73%,118.37%,-,0.0315,0.037200000000000004,922990.0,1.19,53.5,0.0218,1095245.0,70
NEOG,Neogen Corp,Healthcare,Diagnostics & Research,USA,2220000000.0,,10.22,0.001,2947744.0,0.0429,0.4496,0.6404000000000001,1.1978,0.4621,-0.11130000000000001,-48.77%,-76.20%,-47.69%,0.038900000000000004,0.0548,3910000.0,0.75,10.22,0.001,2947744.0,70
CRGY,Crescent Energy Co,Energy,Oil & Gas E&P,USA,3210000000.0,,9.77,0.019799999999999998,7888275.0,0.1217,0.1603,0.2002,0.0574,0.16449999999999998,-0.3753,-20.11%,-,-,0.042699999999999995,0.0443,6010000.0,1.31,9.77,0.019799999999999998,7888275.0,70
LASR,nLIGHT Inc,Technology,Semiconductors,USA,2320000000.0,,45.61,-0.0318,944020.0,0.0382,0.18309999999999998,0.4064,1.1709,0.2159,3.1164,271.72%,29.13%,-,0.0647,0.0644,760160.0,1.24,45.61,-0.0318,944020.0,70
HP,"Helmerich & Payne, Inc",Energy,Oil & Gas Drilling,USA,3440000000.0,,33.88,0.0053,1757620.0,0.0489,0.1711,0.2746,1.0901,0.1813,0.0345,-28.74%,38.54%,-24.91%,0.0446,0.04190000000000001,1580000.0,1.11,33.88,0.0053,1757620.0,70
INSW,International Seaways Inc,Energy,Oil & Gas Midstream,USA,2950000000.0,13.58,59.65,0.005600000000000001,758793.0,0.0417,0.2335,0.1932,0.5379,0.2286,0.6665000000000001,111.17%,410.62%,-,0.034,0.0355,533440.0,1.42,59.65,0.005600000000000001,758793.0,70
ARRY,Array Technologies Inc,Technology,Solar,USA,1730000000.0,,11.32,-0.0329,4871630.0,0.0755,0.2048,0.2696,0.7423000000000001,0.22829999999999998,0.5839,-50.22%,-76.58%,-,0.08990000000000001,0.0766,6540000.0,0.75,11.32,-0.0329,4871630.0,69
USAR,USA Rare Earth Inc,Basic Materials,Other Industrial Metals & Mining,USA,3310000000.0,,22.42,0.0159,29838059.0,-0.0949,0.8482999999999999,0.11539999999999999,0.764,0.884,0.7822,-,-,-,0.1487,0.1332,14910000.0,2.0,22.42,0.0159,29838059.0,69
CMRE,Costamare Inc,Industrials,Marine Shipping,Monaco,2020000000.0,6.7,16.78,-0.0106,647232.0,0.054000000000000006,0.062,0.39020000000000005,0.6629999999999999,0.06269999999999999,0.9070999999999999,130.33%,174.74%,253.83%,0.0262,0.029900000000000003,508000.0,1.27,16.78,-0.0106,647232.0,69
UCTT,Ultra Clean Hldgs Inc,Technology,Semiconductor Equipment & Materials,USA,1980000000.0,,43.68,-0.0802,1207460.0,0.0044,0.695,0.5278,0.9396,0.7243999999999999,0.24230000000000002,29.58%,2.22%,749.81%,0.0637,0.0652,698870.0,1.73,43.68,-0.0802,1207460.0,69
AXSM,Axsome Therapeutics Inc,Healthcare,Biotechnology,USA,9290000000.0,,184.25,-0.0055000000000000005,745829.0,-0.0092,0.23829999999999998,0.38189999999999996,0.8173999999999999,0.0088,0.7524,149.05%,143.85%,1377.55%,0.029300000000000003,0.0412,649100.0,1.15,184.25,-0.0055000000000000005,745829.0,69
NE,Noble Corp Plc,Energy,Oil & Gas Drilling,USA,5660000000.0,25.53,35.62,-0.0108,2103812.0,0.055999999999999994,0.2551,0.21489999999999998,0.3286,0.2613,0.1124,-12.09%,-,-,0.038,0.037000000000000005,1670000.0,1.26,35.62,-0.0108,2103812.0,69
DHC,Diversified Healthcare Trust,Real Estate,REIT - Healthcare Facilities,USA,1410000000.0,,5.81,-0.0102,1113234.0,0.0265,0.22829999999999998,0.4171,0.7768,0.1979,1.5152,709.19%,33.56%,-59.69%,0.0276,0.0363,1220000.0,0.91,5.81,-0.0102,1113234.0,69
LQDA,Liquidia Corp,Healthcare,Biotechnology,USA,3690000000.0,,42.39,-0.015600000000000001,1529756.0,0.0443,0.23120000000000002,0.8881999999999999,1.2681,0.2291,1.9727000000000001,510.81%,1327.27%,-,0.052199999999999996,0.0852,2009999.9999999998,0.76,42.39,-0.015600000000000001,1529756.0,69
RUSHA,Rush Enterprises Inc,Consumer Cyclical,Auto & Truck Dealerships,USA,4860000000.0,19.07,64.19,0.014199999999999999,1047669.0,0.0187,0.1711,0.2741,0.1856,0.19,0.0711,86.02%,113.16%,668.23%,0.0262,0.029500000000000002,580630.0,1.8,64.19,0.014199999999999999,1047669.0,69
AMRX,Amneal Pharmaceuticals Inc,Healthcare,Drug Manufacturers - Specialty & Generic,USA,4300000000.0,963.38,13.68,-0.0305,4462096.0,0.0217,0.0621,0.3116,0.7494,0.0857,0.5670000000000001,536.28%,182.06%,-65.85%,0.0453,0.0316,2400000.0,1.86,13.68,-0.0305,4462096.0,68
HLX,Helix Energy Solutions Group Inc,Energy,Oil & Gas Equipment & Services,USA,1170000000.0,28.12,7.94,0.0025,2820414.0,0.0559,0.26030000000000003,0.17980000000000002,0.33899999999999997,0.2663,-0.0305,0.63%,82.95%,124.29%,0.0395,0.0368,1570000.0,1.79,7.94,0.0025,2820414.0,68
MBX,MBX Biosciences Inc,Healthcare,Biotechnology,USA,1650000000.0,,36.85,0.0003,949865.0,-0.0264,0.19260000000000002,0.8878,1.7811000000000001,0.1684,2.5881,-,-,-,0.060700000000000004,0.09380000000000001,792140.0,1.2,36.85,0.0003,949865.0,67
VSH,"Vishay Intertechnology, Inc",Technology,Semiconductors,USA,2730000000.0,,20.15,-0.001,3420334.0,0.09210000000000002,0.36329999999999996,0.1661,0.22940000000000002,0.3906,0.22719999999999999,-12.16%,-13.00%,88.85%,0.0371,0.039900000000000005,1890000.0,1.81,20.15,-0.001,3420334.0,67
DOCN,DigitalOcean Holdings Inc,Technology,Software - Infrastructure,USA,5050000000.0,22.42,55.25,-0.015700000000000002,2293741.0,0.030600000000000002,0.1322,0.39520000000000005,0.9831,0.1482,0.3215,97.60%,-,-,0.0701,0.056600000000000004,2430000.0,0.94,55.25,-0.015700000000000002,2293741.0,67
RDW,Redwire Corporation,Industrials,Aerospace & Defense,USA,1940000000.0,,11.75,-0.0827,42743243.0,-0.061500000000000006,0.47979999999999995,0.4968,-0.1777,0.5461,-0.47119999999999995,385.54%,11.80%,-,0.16870000000000002,0.1413,17430000.0,2.45,11.75,-0.0827,42743243.0,67
COMP,Compass Inc,Real Estate,Real Estate Services,USA,9070000000.0,,12.52,-0.0391,18839821.0,-0.0608,0.18,0.6452,0.5768,0.1845,0.7221,258.74%,-,-,0.0473,0.0499,16690000.000000002,1.13,12.52,-0.0391,18839821.0,67
OII,"Oceaneering International, Inc",Energy,Oil & Gas Equipment & Services,USA,3000000000.0,13.17,30.1,-0.009899999999999999,1176547.0,0.0319,0.2382,0.2792,0.3871,0.2526,0.1911,52.02%,209.67%,-10.26%,0.0557,0.0415,887420.0,1.33,30.1,-0.009899999999999999,1176547.0,67
BTU,Peabody Energy Corp,Energy,Thermal Coal,USA,4290000000.0,,35.26,-0.0241,3030411.0,-0.0711,0.182,0.3059,1.1833,0.18719999999999998,0.9299,30.30%,998.44%,-,0.0652,0.052199999999999996,2980000.0,1.02,35.26,-0.0241,3030411.0,67
AXL,Dauch Corp,Consumer Cyclical,Auto Parts,USA,946010000.0,23.67,7.97,-0.013600000000000001,5690526.0,-0.0374,0.2357,0.2003,0.7909999999999999,0.2434,0.521,-3.63%,-12.51%,-39.67%,0.0395,0.048600000000000004,3120000.0,1.82,7.97,-0.013600000000000001,5690526.0,67
FPI,Farmland Partners Inc,Real Estate,REIT - Specialty,USA,500360000.0,9.7,11.61,0.0175,759401.0,0.07400000000000001,0.20559999999999998,0.17300000000000001,0.1316,0.1981,0.0187,2.33%,11.52%,30.22%,0.0232,0.0212,546510.0,1.39,11.61,0.0175,759401.0,67
KMT,Kennametal Inc,Industrials,Tools & Accessories,USA,2620000000.0,28.23,34.39,-0.0121,1290122.0,-0.0029,0.2003,0.5017,0.3889,0.21050000000000002,0.4365,24.96%,-14.30%,106.05%,0.0202,0.027200000000000002,921150.0,1.4,34.39,-0.0121,1290122.0,67
CALY,Callaway Golf Co,Consumer Cyclical,Leisure,USA,2640000000.0,,14.35,-0.0124,2709735.0,-0.0801,0.1998,0.5089,0.5514,0.2296,0.7981999999999999,-38.99%,-50.35%,66.47%,0.0369,0.0421,3150000.0,0.86,14.35,-0.0124,2709735.0,66
CNX,CNX Resources Corp,Energy,Oil & Gas E&P,USA,5230000000.0,10.54,38.8,0.0319,3840806.0,0.059000000000000004,0.0341,0.2213,0.2801,0.0552,0.3947,146.19%,197.09%,655.17%,0.0332,0.0349,2060000.0,1.86,38.8,0.0319,3840806.0,66
DAN,Dana Inc,Consumer Cyclical,Auto Parts,USA,3380000000.0,65.41,28.9,-0.0034000000000000002,1244586.0,-0.068,0.19920000000000002,0.3404,0.8153,0.2163,0.7505,68.22%,38.41%,148.71%,0.0358,0.036000000000000004,1900000.0,0.65,28.9,-0.0034000000000000002,1244586.0,66
LIVN,LivaNova PLC,Healthcare,Medical Devices,United Kingdom,3590000000.0,,65.71,0.0155,1093985.0,0.0404,0.055099999999999996,0.23190000000000002,0.5575,0.0679,0.2953,17.07%,-1.73%,23.45%,0.0233,0.0255,597690.0,1.83,65.71,0.0155,1093985.0,66
TTI,"Tetra Technologies, Inc",Industrials,Conglomerates,USA,1520000000.0,12.4,11.4,-0.0138,1425373.0,0.0097,0.2206,0.5811,1.7805000000000002,0.21660000000000001,1.6824000000000001,187.15%,738.24%,102.49%,0.0545,0.0557,2150000.0,0.66,11.4,-0.0138,1425373.0,65
AVR,Anteris Technologies Global Corp,Healthcare,Medical Instruments & Supplies,USA,245950000.0,,5.97,-0.044800000000000006,1259625.0,-0.0759,0.1752,0.3568,0.8598,0.19640000000000002,0.0034000000000000002,-,-,-,0.0634,0.094,703350.0,1.79,5.97,-0.044800000000000006,1259625.0,65
EBC,Eastern Bankshares Inc,Financial,Banks - Regional,USA,4880000000.0,50.26,20.49,0.0037,2428755.0,0.0217,0.10550000000000001,0.22440000000000002,0.3259,0.1115,0.12869999999999998,16.92%,25.67%,-,0.022000000000000002,0.025699999999999997,2240000.0,1.08,20.49,0.0037,2428755.0,65
UPB,Upstream Bio Inc,Healthcare,Biotechnology,USA,1680000000.0,,31.08,0.0045000000000000005,667528.0,0.0353,0.1376,0.2848,1.03,0.1448,2.0322,-,-,-,0.0637,0.06309999999999999,546260.0,1.22,31.08,0.0045000000000000005,667528.0,65
KLIC,"Kulicke & Soffa Industries, Inc",Technology,Semiconductor Equipment & Materials,USA,3000000000.0,,57.33,-0.0258,916348.0,-0.0038,0.2361,0.4437,0.75,0.2583,0.3059,9.01%,50.39%,468.19%,0.031200000000000002,0.0378,620670.0,1.48,57.33,-0.0258,916348.0,65
ARVN,Arvinas Inc,Healthcare,Biotechnology,USA,859320000.0,,13.38,0.0,1091730.0,0.038,0.1407,0.39520000000000005,0.7984,0.1282,-0.2376,-58.65%,-83.78%,-,0.0554,0.051100000000000007,1520000.0,0.72,13.38,0.0,1091730.0,65
JXN,Jackson Financial Inc,Financial,Insurance - Life,USA,8080000000.0,16.45,118.92,0.0073,701411.0,0.049100000000000005,0.1056,0.2151,0.3582,0.115,0.23309999999999997,181.53%,-,-,0.0202,0.026099999999999998,520299.99999999994,1.35,118.92,0.0073,701411.0,65
ATMU,Atmus Filtration Technologies Inc,Consumer Cyclical,Auto Parts,USA,4730000000.0,24.14,57.97,0.0002,648829.0,0.025099999999999997,0.10779999999999999,0.22949999999999998,0.48979999999999996,0.1167,0.37829999999999997,-,-,-,0.021400000000000002,0.0253,668120.0,0.97,57.97,0.0002,648829.0,65
PAGS,PagSeguro Digital Ltd,Technology,Software - Infrastructure,Brazil,3270000000.0,8.79,11.25,-0.0625,5435238.0,0.0351,0.16690000000000002,0.1963,0.4704,0.179,0.6537999999999999,21.37%,-78.35%,-,0.0464,0.042,4300000.0,1.26,11.25,-0.0625,5435238.0,65
CLMT,Calumet Inc,Basic Materials,Specialty Chemicals,USA,1940000000.0,,22.41,0.0009,1023865.0,0.0608,0.1358,0.14859999999999998,0.40590000000000004,0.1278,0.33159999999999995,32.84%,540.29%,21.14%,0.048600000000000004,0.0421,880910.0,1.16,22.41,0.0009,1023865.0,65
FWRD,Forward Air Corp,Industrials,Integrated Freight & Logistics,USA,871200000.0,,27.88,0.0098,597251.0,0.0032,0.1024,0.44909999999999994,-0.08259999999999999,0.1152,-0.16449999999999998,-73.55%,-65.31%,-32.74%,0.0414,0.04019999999999999,562690.0,1.06,27.88,0.0098,597251.0,64
CON,Concentra Group Holdings Parent Inc,Healthcare,Medical Care Facilities,USA,2840000000.0,18.63,22.18,0.0269,1732134.0,0.0292,0.1112,0.10289999999999999,0.1107,0.127,-0.057800000000000004,-,-,-,0.0354,0.0311,968400.0,1.79,22.18,0.0269,1732134.0,64
MGY,Magnolia Oil & Gas Corp,Energy,Oil & Gas E&P,USA,4810000000.0,14.19,25.51,-0.0008,3484996.0,0.058499999999999996,0.1559,0.1091,0.0709,0.1654,0.0286,10.39%,170.23%,-,0.024900000000000002,0.028399999999999998,2460000.0,1.42,25.51,-0.0008,3484996.0,64
NESR,National Energy Services Reunited Corp,Energy,Oil & Gas Equipment & Services,USA,1980000000.0,27.42,19.68,0.0005,710995.0,-0.0358,0.2591,0.3957,1.9505000000000001,0.25670000000000004,1.0936,200.46%,105.64%,-,0.046,0.0421,1060000.0,0.67,19.68,0.0005,710995.0,64
ANNX,Annexon Inc,Healthcare,Biotechnology,USA,903110000.0,,6.24,-0.0429,1841321.0,-0.0796,0.23809999999999998,0.9561,1.6,0.243,0.5146000000000001,-15.79%,-75.53%,-,0.0625,0.07919999999999999,2880000.0,0.64,6.24,-0.0429,1841321.0,64
CGEM,Cullinan Therapeutics Inc,Healthcare,Biotechnology,USA,706550000.0,,11.96,0.0034000000000000002,730357.0,-0.0432,0.20559999999999998,0.5553,0.5393,0.15560000000000002,0.06309999999999999,7.26%,-69.01%,-,0.064,0.069,1030000.0,0.71,11.96,0.0034000000000000002,730357.0,64
SNCY,Sun Country Airlines Holdings Inc,Industrials,Airlines,USA,937580000.0,16.71,17.54,-0.0239,918821.0,0.0023,0.2189,0.6531999999999999,0.5134000000000001,0.2189,0.0397,-5.19%,-,-,0.0323,0.037200000000000004,1230000.0,0.75,17.54,-0.0239,918821.0,63
TDAY,USA TODAY Co Inc,Communication Services,Publishing,USA,870880000.0,11.45,5.92,-0.0067,1597806.0,0.0068000000000000005,0.1341,0.4404,0.5538000000000001,0.1495,0.2926,179.25%,40.28%,-65.56%,0.0409,0.040999999999999995,1740000.0,0.92,5.92,-0.0067,1597806.0,63
SKYT,SkyWater Technology Inc,Technology,Semiconductors,USA,1540000000.0,12.28,31.66,-0.0394,2184831.0,0.0109,0.6876000000000001,0.8767,2.5374,0.7434000000000001,2.2639,201.52%,-,-,0.0528,0.10310000000000001,2510000.0,0.87,31.66,-0.0394,2184831.0,63
DHT,DHT Holdings Inc,Energy,Oil & Gas Midstream,Bermuda,2300000000.0,11.53,14.33,0.0163,2411038.0,0.0369,0.1804,0.0981,0.2922,0.1736,0.2829,74.33%,166.36%,145.80%,0.032,0.0321,1970000.0,1.22,14.33,0.0163,2411038.0,63
VRDN,Viridian Therapeutics Inc,Healthcare,Biotechnology,USA,3150000000.0,,33.0,-0.017,2373587.0,0.0021,0.0638,0.43420000000000003,0.8835999999999999,0.0604,0.6984,-11.67%,48.25%,-75.14%,0.0395,0.042300000000000004,1620000.0,1.47,33.0,-0.017,2373587.0,63
HUBG,"Hub Group, Inc",Industrials,Integrated Freight & Logistics,USA,2910000000.0,27.38,47.58,-0.0147,800861.0,0.0032,0.10339999999999999,0.332,0.35869999999999996,0.1166,0.0571,13.85%,59.88%,222.47%,0.0197,0.0241,676960.0,1.18,47.58,-0.0147,800861.0,63
ONB,Old National Bancorp,Financial,Banks - Regional,USA,9550000000.0,13.75,24.43,0.0012,4355694.0,0.0378,0.0805,0.21600000000000003,0.1573,0.095,0.039599999999999996,43.79%,37.25%,109.34%,0.0203,0.025099999999999997,2780000.0,1.57,24.43,0.0012,4355694.0,63
KGS,Kodiak Gas Services Inc,Energy,Oil & Gas Equipment & Services,USA,3600000000.0,53.17,42.01,0.022400000000000003,1720313.0,0.050199999999999995,0.1242,0.16149999999999998,0.2994,0.1233,-0.1257,-,-,-,0.0297,0.030299999999999997,1570000.0,1.1,42.01,0.022400000000000003,1720313.0,63
ARDX,Ardelyx Inc,Healthcare,Biotechnology,USA,1870000000.0,,7.69,-0.0204,2696785.0,-0.0103,0.3259,0.5504,0.8137000000000001,0.319,0.4033,140.31%,6.51%,-28.60%,0.0424,0.0737,4470000.0,0.6,7.69,-0.0204,2696785.0,62
NXT,Nextpower Inc,Technology,Solar,USA,17370000000.0,29.91,117.09,-0.033,2682897.0,0.1151,0.3452,0.1405,1.0098,0.3442,1.3779,-,-,-,0.0758,0.058899999999999994,2069999.9999999998,1.3,117.09,-0.033,2682897.0,62
AROC,Archrock Inc,Energy,Oil & Gas Equipment & Services,USA,5190000000.0,19.69,29.59,0.0144,1796532.0,0.0625,0.1272,0.1864,0.2667,0.13720000000000002,0.0253,215.46%,213.12%,419.12%,0.0292,0.0286,1610000.0,1.12,29.59,0.0144,1796532.0,62
DAWN,Day One Biopharmaceuticals Inc,Healthcare,Biotechnology,USA,1180000000.0,,11.16,0.0,1555872.0,-0.0661,0.2157,0.5852,0.6631999999999999,0.1974,-0.1422,-49.50%,-,-,0.059699999999999996,0.0827,2990000.0,0.52,11.16,0.0,1555872.0,62
CSTM,Constellium SE,Basic Materials,Aluminum,France,3100000000.0,27.96,22.47,-0.0302,1587159.0,-0.020499999999999997,0.1845,0.3811,0.6389,0.192,1.247,55.61%,67.56%,264.18%,0.0381,0.0348,1260000.0,1.26,22.47,-0.0302,1587159.0,62
PFS,Provident Financial Services Inc,Financial,Banks - Regional,USA,2890000000.0,9.92,22.14,-0.0036,1582271.0,0.0753,0.1131,0.1929,0.2151,0.121,0.20920000000000002,-0.81%,12.67%,23.26%,0.03,0.0265,885290.0,1.79,22.14,-0.0036,1582271.0,62
AVNS,Avanos Medical Inc,Healthcare,Medical Devices,USA,618300000.0,,13.32,0.0334,587120.0,0.0176,0.1788,0.1654,0.1925,0.1861,-0.2296,-55.66%,-72.12%,-46.61%,0.028399999999999998,0.036000000000000004,554660.0,1.06,13.32,0.0334,587120.0,62
CRK,"Comstock Resources, Inc",Energy,Oil & Gas E&P,USA,7140000000.0,109.29,24.35,0.042800000000000005,3670357.0,0.0054,0.021400000000000002,0.3906,0.3626,0.050499999999999996,0.2729,98.29%,408.35%,186.47%,0.057999999999999996,0.054000000000000006,2890000.0,1.27,24.35,0.042800000000000005,3670357.0,62
NJR,New Jersey Resources Corporation,Utilities,Utilities - Regulated Gas,USA,4980000000.0,14.86,49.48,0.0045000000000000005,1180862.0,0.0323,0.0675,0.11720000000000001,0.07780000000000001,0.0729,0.0521,-0.20%,38.21%,42.96%,0.0161,0.0166,568520.0,2.08,49.48,0.0045000000000000005,1180862.0,62
ALHC,Alignment Healthcare Inc,Healthcare,Healthcare Plans,USA,4510000000.0,,22.53,0.0013,2634231.0,-0.0538,0.171,0.2372,0.635,0.1408,0.4706,88.85%,-,-,0.0406,0.042199999999999994,2830000.0,0.93,22.53,0.0013,2634231.0,62
GH,Guardant Health Inc,Healthcare,Diagnostics & Research,USA,14750000000.0,,114.04,0.0322,2021475.0,-0.0062,0.1336,0.578,1.7828,0.1165,1.3933000000000002,251.11%,-28.69%,-,0.0458,0.0499,2430000.0,0.83,114.04,0.0322,2021475.0,62
GLDD,Great Lakes Dredge & Dock Corporation,Industrials,Engineering & Construction,USA,1020000000.0,12.64,14.98,-0.019,658713.0,-0.0279,0.1348,0.30260000000000004,0.35200000000000004,0.1418,0.3643,121.27%,6.62%,375.56%,0.0381,0.0391,604150.0,1.09,14.98,-0.019,658713.0,62
TNGX,Tango Therapeutics Inc,Healthcare,Biotechnology,USA,1560000000.0,,11.61,-0.0051,1435878.0,-0.0085,0.3453,0.4828,0.9222,0.3104,2.7331,61.70%,1.84%,-,0.0646,0.0911,2960000.0,0.49,11.61,-0.0051,1435878.0,61
ATRO,Astronics Corp,Industrials,Aerospace & Defense,USA,2700000000.0,,75.75,-0.0137,535362.0,-0.0077,0.3912,0.5214,1.0972,0.39659999999999995,3.4324,408.05%,439.91%,207.09%,0.0385,0.048600000000000004,722960.0,0.74,75.75,-0.0137,535362.0,61
GNL,Global Net Lease Inc,Real Estate,REIT - Diversified,USA,2069999999.9999998,,9.46,-0.0063,1934883.0,0.0064,0.1013,0.25129999999999997,0.35340000000000005,0.1,0.3418,-33.43%,-43.92%,-54.69%,0.0197,0.0212,1690000.0,1.14,9.46,-0.0063,1934883.0,61
IMNM,Immunome Inc,Healthcare,Biotechnology,USA,2720000000.0,,24.62,-0.0179,1359079.0,-0.0483,0.1624,0.5622,1.3403,0.1462,1.6332,392.40%,67.71%,-,0.0576,0.06570000000000001,2130000.0,0.64,24.62,-0.0179,1359079.0,61
HWC,Hancock Whitney Corp,Financial,Banks - Regional,USA,5750000000.0,12.12,68.8,0.0003,1161978.0,0.024300000000000002,0.0683,0.2218,0.152,0.08039999999999999,0.1582,40.78%,85.10%,208.66%,0.0192,0.024399999999999998,819640.0,1.42,68.8,0.0003,1161978.0,60
VSAT,"Viasat, Inc",Technology,Communication Equipment,USA,6110000000.0,,45.17,-0.0229,2138088.0,0.0437,0.2782,0.1532,1.7491999999999999,0.31079999999999997,3.7673,20.90%,5.02%,-24.64%,0.0711,0.0682,1900000.0,1.12,45.17,-0.0229,2138088.0,60
ASC,Ardmore Shipping Corp,Industrials,Marine Shipping,Bermuda,524860000.0,16.59,12.92,0.04190000000000001,845411.0,0.0848,0.2293,0.0278,0.1875,0.22,0.0977,-5.83%,293.90%,33.33%,0.0344,0.033,598220.0,1.41,12.92,0.04190000000000001,845411.0,60
ARWR,Arrowhead Pharmaceuticals Inc,Healthcare,Biotechnology,USA,9710000000.0,,69.33,0.003,3756806.0,0.034,0.030899999999999997,0.7208,3.388,0.0443,2.4752,110.28%,-17.59%,1554.65%,0.0458,0.0554,2640000.0,1.42,69.33,0.003,3756806.0,60
NWE,NorthWestern Energy Group Inc,Utilities,Utilities - Regulated Electric,USA,4170000000.0,19.21,67.86,0.0034000000000000002,1451558.0,0.0206,0.049,0.13419999999999999,0.2637,0.051399999999999994,0.2639,20.81%,21.18%,26.70%,0.020499999999999997,0.0223,560150.0,2.59,67.86,0.0034000000000000002,1451558.0,60
AVNT,Avient Corp,Basic Materials,Specialty Chemicals,USA,3310000000.0,29.32,36.15,0.0039000000000000003,2619643.0,-0.0334,0.1476,0.1336,0.1451,0.1572,-0.15789999999999998,-7.50%,-12.41%,35.85%,0.030600000000000002,0.0302,804460.0,3.26,36.15,0.0039000000000000003,2619643.0,60
TDS,"Telephone And Data Systems, Inc",Communication Services,Telecom Services,USA,4870000000.0,,45.13,0.0092,879356.0,0.0227,0.10369999999999999,0.1507,0.156,0.1007,0.2613,252.85%,124.42%,107.59%,0.028300000000000002,0.0294,970550.0,0.91,45.13,0.0092,879356.0,60
TK,Teekay Corporation Ltd,Energy,Oil & Gas Midstream,Bermuda,872300000.0,7.16,10.23,0.0049,539562.0,0.0601,0.1329,0.0768,0.4208,0.1329,0.6551,191.55%,424.79%,111.41%,0.0285,0.0335,602590.0,0.9,10.23,0.0049,539562.0,59
BKV,BKV Corp,Energy,Oil & Gas E&P,USA,2880000000.0,57.45,29.75,-0.0165,966753.0,0.056100000000000004,0.0698,0.2952,0.4414,0.0958,0.18059999999999998,-,-,-,0.0443,0.041100000000000005,891780.0,1.08,29.75,-0.0165,966753.0,59
UBSI,"United Bankshares, Inc",Financial,Banks - Regional,USA,5940000000.0,12.97,42.33,-0.0005,1828493.0,0.021,0.0944,0.1827,0.1917,0.1023,0.10490000000000001,8.96%,21.88%,26.70%,0.015600000000000001,0.0233,795650.0,2.3,42.33,-0.0005,1828493.0,59
LMND,Lemonade Inc,Financial,Insurance - Property & Casualty,USA,6480000000.0,,86.73,-0.049800000000000004,2209066.0,-0.0699,0.2079,0.4286,1.3018,0.21850000000000003,1.6053,476.28%,-42.56%,-,0.0764,0.069,2660000.0,0.83,86.73,-0.049800000000000004,2209066.0,59
ARI,Apollo Commercial Real Estate Finance Inc,Real Estate,REIT - Mortgage,USA,1500000000.0,12.2,10.81,-0.0128,3272817.0,0.0897,0.0897,0.0703,0.12369999999999999,0.1167,0.2298,-1.58%,-2.66%,-26.03%,0.0371,0.023799999999999998,1080000.0,3.03,10.81,-0.0128,3272817.0,59
CGON,Cg Oncology Inc,Healthcare,Biotechnology,USA,4200000000.0,,52.05,-0.0256,778007.0,-0.0327,0.2957,0.21100000000000002,0.9501999999999999,0.2536,0.7184,-,-,-,0.0407,0.0681,1080000.0,0.72,52.05,-0.0256,778007.0,59
CFFN,Capitol Federal Financial,Financial,Banks - Regional,USA,956870000.0,12.96,7.28,-0.0027,994532.0,0.0785,0.0706,0.2165,0.2165,0.0753,0.24969999999999998,-10.37%,-38.20%,-18.82%,0.0345,0.0271,938210.0,1.06,7.28,-0.0027,994532.0,59
DFTX,Definium Therapeutics Inc,Healthcare,Biotechnology,USA,1660000000.0,,16.88,-0.0209,1657321.0,-0.029900000000000003,0.3035,0.3075,0.857,0.2606,1.306,386.46%,-68.65%,-,0.0638,0.0738,2100000.0,0.79,16.88,-0.0209,1657321.0,59
POWI,Power Integrations Inc,Technology,Semiconductors,USA,2540000000.0,146.35,45.94,-0.025,1082575.0,0.0326,0.27649999999999997,0.1073,-0.053200000000000004,0.2926,-0.2228,-45.71%,-50.57%,107.87%,0.0352,0.0406,1040000.0,1.04,45.94,-0.025,1082575.0,58
RRR,Red Rock Resorts Inc,Consumer Cyclical,Resorts & Casinos,USA,6680000000.0,22.36,63.13,0.0109,1196173.0,0.0304,0.0016,0.2073,0.028999999999999998,0.019,0.3508,48.09%,186.60%,-,0.027200000000000002,0.027000000000000003,848950.0,1.41,63.13,0.0109,1196173.0,58
ACRE,Ares Commercial Real Estate Corp,Real Estate,REIT - Mortgage,USA,286690000.0,,5.21,0.0039000000000000003,864773.0,0.0742,0.0547,0.1761,0.1655,0.09,-0.0762,-56.30%,-55.24%,-50.52%,0.0405,0.0313,535420.0,1.62,5.21,0.0039000000000000003,864773.0,58
AVO,Mission Produce Inc,Consumer Defensive,Food Distribution,USA,953500000.0,25.4,13.46,0.0128,494523.0,0.0,0.1603,0.19640000000000002,0.0908,0.1603,0.11699999999999999,8.37%,-17.12%,-,0.025099999999999997,0.038900000000000004,629440.0,0.79,13.46,0.0128,494523.0,58
XPRO,Expro Group Holdings N.V,Energy,Oil & Gas Equipment & Services,USA,1820000000.0,27.09,16.01,-0.013600000000000001,1407628.0,0.0038,0.1833,0.13470000000000001,0.4852,0.1993,0.2325,-15.11%,-11.35%,-80.98%,0.0408,0.042199999999999994,1160000.0,1.22,16.01,-0.013600000000000001,1407628.0,58
MLKN,MillerKnoll Inc,Consumer Cyclical,"Furnishings, Fixtures & Appliances",USA,1370000000.0,,20.08,0.0335,727349.0,0.025,0.0872,0.25420000000000004,0.057999999999999996,0.09849999999999999,-0.10640000000000001,-11.54%,-43.23%,-20.82%,0.031,0.0322,842870.0,0.86,20.08,0.0335,727349.0,58
FCF,First Commonwealth Financial Corp,Financial,Banks - Regional,USA,1870000000.0,12.27,18.03,0.0129,1211514.0,0.0321,0.0625,0.16399999999999998,0.09210000000000002,0.0694,0.1157,39.66%,43.21%,120.15%,0.0253,0.0241,683870.0,1.77,18.03,0.0129,1211514.0,58
AMN,AMN Healthcare Services Inc,Healthcare,Medical Care Facilities,USA,818210000.0,,21.3,0.055,1370315.0,0.0395,0.32880000000000004,0.0325,0.16140000000000002,0.3515,-0.2175,-78.14%,-71.77%,-25.21%,0.0451,0.06480000000000001,1180000.0,1.16,21.3,0.055,1370315.0,58
GPGI,GPGI Inc,Industrials,Metal Fabrication,USA,6820000000.0,,23.57,-0.0288,2078870.0,-0.0591,0.2257,0.19039999999999999,0.6587000000000001,0.2225,0.8193,392.47%,179.56%,-,0.0455,0.0629,1460000.0,1.42,23.57,-0.0288,2078870.0,57
ICHR,Ichor Holdings Ltd,Technology,Semiconductor Equipment & Materials,USA,1040000000.0,,30.34,-0.0941,946346.0,-0.0344,0.5985,0.2872,0.5331,0.6462,0.11539999999999999,-10.63%,-24.70%,-,0.0748,0.08,846530.0,1.12,30.34,-0.0941,946346.0,57
PUMP,ProPetro Holding Corp,Energy,Oil & Gas Equipment & Services,USA,1190000000.0,,11.49,0.0044,3917816.0,0.050300000000000004,0.2057,0.0351,1.1437,0.2082,0.2289,19.07%,42.73%,-,0.0625,0.0579,2860000.0,1.37,11.49,0.0044,3917816.0,57
TROX,Tronox Holdings plc,Basic Materials,Chemicals,USA,960830000.0,,6.06,-0.08869999999999999,3867587.0,-0.0366,0.4498,0.6648000000000001,0.8996999999999999,0.4532,-0.4111,-63.29%,-63.36%,56.59%,0.07519999999999999,0.0682,4200000.0,0.92,6.06,-0.08869999999999999,3867587.0,57
TWST,Twist Bioscience Corp,Healthcare,Diagnostics & Research,USA,2520000000.0,,41.07,-0.0123,1585511.0,-0.0435,0.2774,0.2751,0.2234,0.2948,-0.17059999999999997,46.78%,-77.92%,-,0.044800000000000006,0.0576,1430000.0,1.11,41.07,-0.0123,1585511.0,57
AZTA,Azenta Inc,Healthcare,Medical Instruments & Supplies,USA,1790000000.0,,38.88,-0.0031,915726.0,-0.0292,0.1435,0.30510000000000004,0.18899999999999997,0.16899999999999998,-0.27190000000000003,-30.48%,-52.27%,317.62%,0.0373,0.0347,659760.0,1.39,38.88,-0.0031,915726.0,57
BE,Bloom Energy Corp,Industrials,Electrical Equipment & Parts,USA,35800000000.0,,151.37,-0.032799999999999996,11489445.0,0.0447,0.7347,0.1321,3.0483999999999996,0.7421,5.7636,498.54%,293.17%,-,0.1001,0.0885,13610000.0,0.84,151.37,-0.032799999999999996,11489445.0,57
STNG,Scorpio Tankers Inc,Energy,Oil & Gas Midstream,Monaco,3290000000.0,10.77,63.62,0.0039000000000000003,730838.0,0.087,0.2548,0.0256,0.4072,0.2516,0.33149999999999996,38.42%,421.90%,8.38%,0.0424,0.0392,1000000.0,0.73,63.62,0.0039000000000000003,730838.0,57
TALO,Talos Energy Inc,Energy,Oil & Gas E&P,USA,2029999999.9999998,,11.92,-0.0141,2494843.0,0.0383,0.0643,0.24559999999999998,0.3942,0.0817,0.2004,-42.00%,22.89%,-91.60%,0.0352,0.04190000000000001,2009999.9999999998,1.24,11.92,-0.0141,2494843.0,57
PTEN,Patterson-UTI Energy Inc,Energy,Oil & Gas Drilling,USA,2860000000.0,,7.53,-0.0013,9039265.0,0.0315,0.23850000000000002,0.1602,0.2741,0.2324,-0.0895,-56.40%,20.87%,-40.57%,0.0363,0.0438,9180000.0,0.98,7.53,-0.0013,9039265.0,57
LPG,Dorian LPG Ltd,Energy,Oil & Gas Midstream,USA,1270000000.0,13.26,29.53,-0.0070999999999999995,672121.0,0.073,0.23399999999999999,0.048,0.0725,0.2132,0.3175,136.01%,445.88%,497.79%,0.037000000000000005,0.0351,504160.0,1.33,29.53,-0.0070999999999999995,672121.0,57
NX,Quanex Building Products Corp,Industrials,Building Products & Equipment,USA,855030000.0,,18.72,0.0027,615574.0,-0.0048,0.2054,0.2928,-0.039,0.21719999999999998,-0.1464,-22.84%,-24.70%,2.35%,0.030600000000000002,0.0366,782750.0,0.79,18.72,0.0027,615574.0,57
DNOW,Dnow Inc,Industrials,Industrial Distribution,USA,2820000000.0,17.36,15.19,0.008,5196598.0,0.0397,0.1294,0.0298,-0.023799999999999998,0.1464,0.012,14.81%,87.30%,17.03%,0.0374,0.0331,2490000.0,2.09,15.19,0.008,5196598.0,57
DOLE,Dole plc,Consumer Defensive,Farm Products,Ireland,1520000000.0,52.21,15.93,0.0044,748406.0,0.0378,0.067,0.2563,0.11869999999999999,0.06269999999999999,0.1611,49.44%,-,-,0.0199,0.0209,871460.0,0.86,15.93,0.0044,748406.0,57
WERN,"Werner Enterprises, Inc",Industrials,Trucking,USA,2049999999.9999998,84.19,34.25,-0.0113,1375497.0,0.0121,0.12960000000000002,0.2737,0.23559999999999998,0.1413,-0.0706,-25.85%,-22.21%,70.90%,0.0398,0.033,1060000.0,1.3,34.25,-0.0113,1375497.0,56
COHU,"Cohu, Inc",Technology,Semiconductor Equipment & Materials,USA,1330000000.0,,28.54,-0.0279,562102.0,0.011000000000000001,0.2027,0.1887,0.598,0.22649999999999998,0.2701,-22.68%,-39.42%,143.10%,0.0406,0.042800000000000005,669600.0,0.84,28.54,-0.0279,562102.0,56
PWP,Perella Weinberg Partners,Financial,Capital Markets,USA,2009999999.9999998,34.46,22.31,-0.0089,1177289.0,0.0187,0.2792,0.1918,0.1189,0.2896,-0.1285,127.42%,80.94%,-,0.0381,0.0452,921690.0,1.28,22.31,-0.0089,1177289.0,56
ASGN,ASGN Inc,Technology,Information Technology Services,USA,2220000000.0,17.56,52.09,0.049100000000000005,776696.0,0.0206,0.0575,0.16920000000000002,0.038900000000000004,0.0814,-0.4412,-40.82%,-42.31%,37.80%,0.0417,0.036000000000000004,554330.0,1.4,52.09,0.049100000000000005,776696.0,56
FLG,Flagstar Bank NA,Financial,Banks - Regional,USA,5500000000.0,,13.22,-0.0236,10428398.0,0.024,0.045899999999999996,0.1466,0.1709,0.05,0.3771,-55.13%,-60.05%,-70.35%,0.0348,0.032,4890000.0,2.13,13.22,-0.0236,10428398.0,55
VLY,Valley National Bancorp,Financial,Banks - Regional,USA,6950000000.0,12.38,12.46,-0.0166,12930268.0,0.0462,0.0582,0.1369,0.34409999999999996,0.0668,0.2288,12.25%,14.00%,44.55%,0.03,0.0274,7460000.0,1.73,12.46,-0.0166,12930268.0,55
UUUU,Energy Fuels Inc,Energy,Uranium,USA,5320000000.0,,22.44,-0.0981,21888189.0,-0.12,0.5792,0.1,1.4686000000000001,0.5433,3.036,204.89%,476.86%,963.51%,0.1501,0.1109,14200000.0,1.54,22.44,-0.0981,21888189.0,55
VIR,Vir Biotechnology Inc,Healthcare,Biotechnology,USA,1040000000.0,,7.44,-0.0437,1904468.0,-0.0159,0.27399999999999997,0.2589,0.4675,0.23379999999999998,-0.31739999999999996,-75.88%,-83.24%,-,0.055099999999999996,0.069,1790000.0,1.06,7.44,-0.0437,1904468.0,55
NVRI,Enviri Corp,Industrials,Waste Management,USA,1530000000.0,,18.92,-0.0037,835930.0,0.0048,0.051100000000000007,0.4863,1.1022,0.0558,1.0192,149.28%,5.23%,214.81%,0.021099999999999997,0.0184,1810000.0,0.46,18.92,-0.0037,835930.0,55
TRN,"Trinity Industries, Inc",Industrials,Railroads,USA,2300000000.0,25.08,28.74,0.0014000000000000002,2435563.0,0.0633,0.0672,0.0327,0.2335,0.087,-0.2379,2.79%,0.56%,98.25%,0.0274,0.0287,725710.0,3.36,28.74,0.0014000000000000002,2435563.0,55
PRAX,Praxis Precision Medicines Inc,Healthcare,Biotechnology,USA,8610000000.0,,314.0,-0.0009,668815.0,0.0073,0.0572,0.604,4.7912,0.0653,3.2420999999999998,349.21%,-63.17%,-,0.0556,0.061399999999999996,794050.0,0.84,314.0,-0.0009,668815.0,55
RCAT,Red Cat Holdings Inc,Industrials,Aerospace & Defense,USA,1610000000.0,,13.5,-0.0958,10755162.0,-0.1594,0.733,0.1863,0.6304,0.7023999999999999,0.4439,1025.00%,132.76%,-99.82%,0.1326,0.1283,10590000.0,1.02,13.5,-0.0958,10755162.0,55
CDP,COPT Defense Properties,Real Estate,REIT - Office,USA,6960000000.0,23.36,30.81,0.0199,1935165.0,0.0059,0.0891,0.1208,0.1294,0.10830000000000001,0.0758,9.68%,15.78%,45.95%,0.0217,0.0226,1040000.0,1.86,30.81,0.0199,1935165.0,54
CMC,Commercial Metals Co,Basic Materials,Steel,USA,8529999999.999999,19.81,76.87,-0.013999999999999999,1528331.0,-0.0084,0.09970000000000001,0.2595,0.48229999999999995,0.1105,0.5402,44.47%,262.08%,483.23%,0.033,0.0315,1100000.0,1.39,76.87,-0.013999999999999999,1528331.0,54
CAKE,Cheesecake Factory Inc,Consumer Cyclical,Restaurants,USA,2890000000.0,17.6,57.96,-0.009300000000000001,1278774.0,-0.015600000000000001,0.159,0.1502,-0.0931,0.1482,0.07629999999999999,52.65%,28.83%,22.43%,0.0279,0.0341,1190000.0,1.08,57.96,-0.009300000000000001,1278774.0,54
SEI,Solaris Energy Infrastructure Inc,Energy,Oil & Gas Equipment & Services,USA,3780000000.0,60.61,55.19,-0.0178,2762741.0,0.0277,0.1972,0.0613,0.6893,0.2006,1.1186,429.15%,462.02%,-,0.0775,0.0726,3110000.0,0.89,55.19,-0.0178,2762741.0,54
INDV,Indivior Pharmaceuticals Inc,Healthcare,Drug Manufacturers - Specialty & Generic,USA,4420000000.0,35.23,35.38,0.019299999999999998,2009938.0,0.0731,-0.0098,0.4017,0.7515000000000001,-0.0139,1.9119,99.89%,1060.00%,-,0.029300000000000003,0.0352,2600000.0,0.77,35.38,0.019299999999999998,2009938.0,54
GLSI,Greenwich LifeSciences Inc,Healthcare,Biotechnology,USA,416610000.0,,30.07,0.0017000000000000001,329513.0,0.18059999999999998,0.3718,2.2862999999999998,1.7486000000000002,0.43119999999999997,1.2694,57.93%,-16.84%,-,0.1624,0.1788,506910.0,0.65,30.07,0.0017000000000000001,329513.0,54
SDRL,Seadrill Ltd,Energy,Oil & Gas Drilling,Bermuda,2390000000.0,77.05,38.48,-0.0049,869596.0,-0.0052,0.1144,0.26,0.3196,0.1121,0.061799999999999994,-6.24%,-,-,0.0478,0.0447,776290.0,1.12,38.48,-0.0049,869596.0,54
STGW,Stagwell Inc,Communication Services,Advertising Agencies,USA,1520000000.0,78.36,6.01,-0.009899999999999999,2111542.0,-0.0949,0.20929999999999999,0.26530000000000004,0.0489,0.22899999999999998,-0.0796,-12.65%,122.59%,-68.86%,0.0472,0.0642,2860000.0,0.74,6.01,-0.009899999999999999,2111542.0,54
CTRI,Centuri Holdings Inc,Utilities,Utilities - Regulated Gas,USA,2750000000.0,985.71,27.6,-0.0083,1266043.0,-0.0282,0.0832,0.363,0.2661,0.0931,0.2528,-,-,-,0.0301,0.0358,1770000.0,0.71,27.6,-0.0083,1266043.0,54
ORKA,Oruka Therapeutics Inc,Healthcare,Biotechnology,USA,1660000000.0,,34.23,-0.0292,383499.0,-0.004699999999999999,0.17550000000000002,0.2398,1.5188,0.1293,1.8359999999999999,130.60%,18.39%,-92.33%,0.053399999999999996,0.0683,548360.0,0.7,34.23,-0.0292,383499.0,54
FBP,First Bancorp PR,Financial,Banks - Regional,USA,3490000000.0,10.31,22.12,-0.0009,1892236.0,0.0707,0.061399999999999996,0.1491,0.061900000000000004,0.06709999999999999,0.0533,67.83%,125.71%,861.74%,0.0294,0.0276,1310000.0,1.44,22.12,-0.0009,1892236.0,54
FFWM,First Foundation Inc,Financial,Banks - Regional,USA,520510000.0,,6.28,0.026099999999999998,1017190.0,0.0449,0.0397,0.1782,0.2895,0.0195,0.0032,-60.08%,-70.72%,-43.73%,0.041299999999999996,0.0344,847320.0,1.2,6.28,0.026099999999999998,1017190.0,53
KW,Kennedy-Wilson Holdings Inc,Real Estate,Real Estate Services,USA,1360000000.0,,9.85,-0.001,1050507.0,0.0051,0.0072,0.3204,0.3456,0.018600000000000002,0.086,-43.39%,-44.19%,-51.83%,0.0111,0.0166,1030000.0,1.02,9.85,-0.001,1050507.0,53
CDNA,Caredx Inc,Healthcare,Diagnostics & Research,USA,1060000000.0,17.24,20.55,-0.012,511048.0,0.0064,0.0776,0.4391,0.6728000000000001,0.0908,-0.0891,36.73%,-76.02%,292.93%,0.0366,0.0536,890720.0,0.57,20.55,-0.012,511048.0,53
ORA,Ormat Technologies Inc,Utilities,Utilities - Renewable,USA,7590000000.0,57.08,124.94,-0.0241,455738.0,0.0123,0.11869999999999999,0.1648,0.39740000000000003,0.131,0.971,35.85%,15.66%,261.52%,0.023399999999999997,0.0273,593150.0,0.77,124.94,-0.0241,455738.0,53
PAYO,Payoneer Global Inc,Technology,Software - Infrastructure,USA,2280000000.0,33.68,6.39,-0.0062,6316599.0,0.0373,0.1191,0.0886,-0.0274,0.13699999999999998,-0.4011,9.98%,-49.12%,-,0.050199999999999995,0.04019999999999999,3480000.0,1.81,6.39,-0.0062,6316599.0,53
KNTK,Kinetik Holdings Inc,Energy,Oil & Gas Midstream,USA,6610000000.0,100.84,40.91,0.0054,1572521.0,0.028399999999999998,0.13699999999999998,0.0849,-0.056900000000000006,0.1348,-0.368,28.28%,68.25%,-,0.0276,0.0346,1140000.0,1.38,40.91,0.0054,1572521.0,53
AVA,Avista Corp,Utilities,Utilities - Diversified,USA,3360000000.0,17.55,41.29,0.0123,1153727.0,0.031200000000000002,0.0666,0.0789,0.107,0.07139999999999999,0.1469,1.18%,5.14%,15.95%,0.020499999999999997,0.016399999999999998,725090.0,1.59,41.29,0.0123,1153727.0,53
EWTX,Edgewise Therapeutics Inc,Healthcare,Biotechnology,USA,2980000000.0,,28.15,-0.0219,839946.0,-0.0161,0.1471,0.7238,0.9741,0.1344,-0.0095,155.91%,-,-,0.0391,0.0559,1500000.0,0.56,28.15,-0.0219,839946.0,52
SNBR,Sleep Number Corp,Consumer Cyclical,"Furnishings, Fixtures & Appliances",USA,265279999.99999997,,11.64,0.0043,674803.0,0.0992,0.3824,1.1087,0.588,0.3759,-0.3486,-62.67%,-88.42%,-40.22%,0.0725,0.09820000000000001,814080.0,0.83,11.64,0.0043,674803.0,52
FN,Fabrinet,Technology,Electronic Components,Cayman Islands,17540000000.0,50.45,489.44,-0.0137,808267.0,0.0483,0.0596,0.1025,0.5119,0.075,1.3559999999999999,262.15%,472.24%,2016.95%,0.0635,0.06509999999999999,635950.0,1.27,489.44,-0.0137,808267.0,52
BKH,Black Hills Corporation,Utilities,Utilities - Regulated Gas,USA,5510000000.0,18.42,72.98,0.0023,1663628.0,0.0181,0.0487,0.1444,0.2631,0.0513,0.2561,2.79%,19.44%,54.39%,0.02,0.022000000000000002,1100000.0,1.52,72.98,0.0023,1663628.0,52
UEC,Uranium Energy Corp,Energy,Uranium,USA,8330000000.0,,17.24,-0.0731,14896975.0,-0.0741,0.4647,0.1065,0.9884999999999999,0.47600000000000003,1.4011000000000002,336.46%,920.12%,2002.44%,0.11019999999999999,0.08310000000000001,10850000.0,1.37,17.24,-0.0731,14896975.0,52
HLF,Herbalife Ltd,Consumer Defensive,Packaged Foods,USA,1780000000.0,5.51,17.24,0.015300000000000001,1216576.0,0.0361,0.3427,1.1496,0.8739,0.3375,1.9879,-0.35%,-65.33%,-25.38%,0.0365,0.039599999999999996,2040000.0,0.6,17.24,0.015300000000000001,1216576.0,52
GPRE,Green Plains Inc,Basic Materials,Chemicals,USA,800310000.0,,11.46,-0.0521,791306.0,-0.0197,0.1778,0.1115,0.3857,0.16940000000000002,0.2762,-64.27%,-41.23%,-35.65%,0.057999999999999996,0.06,1380000.0,0.57,11.46,-0.0521,791306.0,52
HOPE,Hope Bancorp Inc,Financial,Banks - Regional,USA,1540000000.0,25.85,11.98,-0.0008,1347461.0,0.0204,0.0842,0.12380000000000001,0.19920000000000002,0.0931,0.025699999999999997,-2.12%,-2.52%,-19.71%,0.0287,0.0282,982950.0,1.37,11.98,-0.0008,1347461.0,52
HTBK,Heritage Commerce Corp,Financial,Banks - Regional,USA,781220000.0,16.41,12.73,0.0024,653681.0,-0.0109,0.050300000000000004,0.2193,0.3762,0.0599,0.3233,1.43%,31.51%,30.70%,0.020099999999999996,0.0258,765360.0,0.85,12.73,0.0024,653681.0,52
ALKS,Alkermes plc,Healthcare,Drug Manufacturers - Specialty & Generic,Ireland,5600000000.0,16.77,33.89,-0.028399999999999998,2388385.0,0.0083,0.2186,0.0776,0.27940000000000004,0.2112,0.0738,28.64%,59.41%,-39.66%,0.0339,0.035699999999999996,2250000.0,1.06,33.89,-0.028399999999999998,2388385.0,51
HASI,HA Sustainable Infrastructure Capital Inc,Financial,Asset Management,USA,4340000000.0,14.97,34.41,-0.020499999999999997,1095419.0,0.013500000000000002,0.07629999999999999,0.2232,0.325,0.09480000000000001,0.22149999999999997,0.73%,-47.31%,102.38%,0.021,0.0256,1090000.0,1.0,34.41,-0.020499999999999997,1095419.0,51
NWBI,Northwest Bancshares Inc,Financial,Banks - Regional,USA,1880000000.0,13.8,12.88,0.006999999999999999,1752381.0,0.031200000000000002,0.0645,0.099,0.1009,0.0733,-0.0062,-3.95%,-5.43%,5.75%,0.022000000000000002,0.0233,905240.0,1.94,12.88,0.006999999999999999,1752381.0,51
HNI,HNI Corp,Consumer Cyclical,"Furnishings, Fixtures & Appliances",USA,3420000000.0,16.02,47.79,0.009899999999999999,491571.0,0.0044,0.1261,0.1543,-0.071,0.1368,-0.046900000000000004,59.03%,41.73%,48.60%,0.0174,0.0212,761980.0,0.65,47.79,0.009899999999999999,491571.0,51
WSBC,"Wesbanco, Inc",Financial,Banks - Regional,USA,3390000000.0,17.0,35.29,0.0017000000000000001,620340.0,0.0179,0.0528,0.1787,0.17129999999999998,0.0617,0.0083,-2.57%,11.89%,25.90%,0.0274,0.0275,500500.0,1.24,35.29,0.0017000000000000001,620340.0,51
THS,Treehouse Foods Inc,Consumer Defensive,Packaged Foods,USA,1240000000.0,,24.64,-0.0004,1083985.0,0.0037,0.0401,0.33990000000000004,0.282,0.044500000000000005,-0.2827,-48.19%,-41.46%,-67.16%,0.0068000000000000005,0.0092,982870.0,1.1,24.64,-0.0004,1083985.0,51
VOXR,Vox Royalty Corp,Basic Materials,Other Precious Metals & Mining,Canada,359780000.0,,5.27,-0.0436,999545.0,-0.0487,0.0934,0.2729,0.6625,0.1118,1.2716,126.18%,143.83%,-,0.0689,0.0528,646860.0,1.55,5.27,-0.0436,999545.0,50
SRRK,Scholar Rock Holding Corp,Healthcare,Biotechnology,USA,4520000000.0,,44.34,-0.0129,916376.0,0.0011,0.0165,0.5149,0.1968,0.0066,0.0418,259.61%,-26.90%,-,0.0417,0.0537,1470000.0,0.63,44.34,-0.0129,916376.0,50
WAFD,WaFd Inc,Financial,Banks - Regional,USA,2490000000.0,11.29,32.62,0.0006,741863.0,0.0297,0.0046,0.11900000000000001,0.1208,0.0184,0.1005,-3.78%,14.98%,55.90%,0.015,0.0248,679810.0,1.09,32.62,0.0006,741863.0,50
AMPX,Amprius Technologies Inc,Industrials,Electrical Equipment & Parts,USA,1620000000.0,,12.44,-0.0839,11542057.0,0.1137,0.5888,-0.0048,0.7951,0.5767,2.9119,91.38%,-,-,0.0919,0.0859,7130000.0,1.62,12.44,-0.0839,11542057.0,50
RMBS,Rambus Inc,Technology,Semiconductors,USA,12250000000.0,54.02,113.83,-0.0639,3201453.0,-0.0128,0.2021,0.0222,0.5397,0.23879999999999998,0.9198999999999999,163.80%,452.30%,898.51%,0.0782,0.064,1760000.0,1.82,113.83,-0.0639,3201453.0,50
LION,Lionsgate Studios Corp,Financial,Shell Companies,Canada,2740000000.0,,9.44,-0.0053,2072864.0,-0.0318,0.020499999999999997,0.5152,0.5946,0.034,0.2798,-6.39%,-,-,0.0369,0.039599999999999996,2640000.0,0.78,9.44,-0.0053,2072864.0,49
PLAB,"Photronics, Inc",Technology,Semiconductor Equipment & Materials,USA,2040000000.0,15.1,34.57,-0.020099999999999996,856981.0,-0.0042,0.0258,0.43329999999999996,0.6979000000000001,0.0803,0.5149,84.47%,192.22%,185.47%,0.056600000000000004,0.060899999999999996,1330000.0,0.64,34.57,-0.020099999999999996,856981.0,49
CELC,Celcuity Inc,Healthcare,Biotechnology,USA,5060000000.0,,109.42,-0.0241,683173.0,-0.005699999999999999,0.0951,0.47859999999999997,1.7938,0.0971,8.548,920.71%,710.52%,-,0.048799999999999996,0.0552,853630.0,0.8,109.42,-0.0241,683173.0,49
TYRA,Tyra Biosciences Inc,Healthcare,Biotechnology,USA,1640000000.0,,30.82,-0.047,982995.0,0.0148,0.2115,1.0223,1.8197999999999999,0.1723,1.1038,271.33%,-,-,0.0679,0.0689,543160.0,1.81,30.82,-0.047,982995.0,49
BIPC,Brookfield Infrastructure Corp,Utilities,Utilities - Regulated Gas,USA,6320000000.0,,47.85,-0.0189,742962.0,0.050499999999999996,0.0507,0.0873,0.2257,0.054000000000000006,0.1888,4.64%,7.27%,-,0.030699999999999998,0.0242,609240.0,1.22,47.85,-0.0189,742962.0,49
BBT,Beacon Financial Corp,Financial,Banks - Regional,USA,2380000000.0,22.14,28.35,-0.02,1245157.0,0.0032,0.0702,0.2262,0.1506,0.0751,-0.0077,0.89%,49.37%,7.55%,0.0259,0.026600000000000002,904390.0,1.38,28.35,-0.02,1245157.0,49
SLDB,Solid Biosciences Inc,Healthcare,Biotechnology,USA,503300000.0,,6.46,-0.0212,834278.0,-0.0212,0.1333,0.17670000000000002,-0.0556,0.1454,0.9399,-11.93%,-93.67%,-,0.0434,0.06559999999999999,1080000.0,0.77,6.46,-0.0212,834278.0,49
GT,Goodyear Tire & Rubber Co,Consumer Cyclical,Auto Parts,USA,2690000000.0,,9.41,-0.0208,4702507.0,-0.0208,0.051399999999999994,0.34049999999999997,-0.08460000000000001,0.0742,0.0375,-16.95%,-15.76%,-66.97%,0.022400000000000003,0.0308,6430000.0,0.73,9.41,-0.0208,4702507.0,49
VAL,Valaris Ltd,Energy,Oil & Gas Equipment & Services,Bermuda,4019999999.9999995,10.29,57.73,-0.018000000000000002,1362510.0,0.064,0.14,0.0225,0.18710000000000002,0.1454,0.22,-23.24%,-,-,0.047599999999999996,0.042300000000000004,1020000.0,1.34,57.73,-0.018000000000000002,1362510.0,49
SWBI,Smith & Wesson Brands Inc,Industrials,Aerospace & Defense,USA,485870000.0,49.19,10.92,-0.0018,388419.0,0.0341,0.1008,0.0964,0.3736,0.10640000000000001,0.0282,3.31%,-38.37%,-31.65%,0.046799999999999994,0.0326,605950.0,0.64,10.92,-0.0018,388419.0,49
WGO,"Winnebago Industries, Inc",Consumer Cyclical,Recreational Vehicles,USA,1300000000.0,35.61,45.91,-0.0159,488548.0,-0.0144,0.1157,0.2322,0.5448,0.133,-0.0207,-26.34%,-32.54%,158.79%,0.036000000000000004,0.0388,600670.0,0.81,45.91,-0.0159,488548.0,49
ADPT,Adaptive Biotechnologies Corp,Healthcare,Biotechnology,USA,2820000000.0,,18.5,0.0070999999999999995,1882413.0,-0.0027,0.1267,0.1012,0.8066,0.1392,1.3995,97.23%,-71.76%,-,0.0458,0.055,2360000.0,0.8,18.5,0.0070999999999999995,1882413.0,49
MAC,Macerich Co,Real Estate,REIT - Retail,USA,5050000000.0,,18.93,0.0134,2615832.0,0.0316,0.018799999999999997,0.1201,0.1329,0.0255,-0.0725,55.86%,18.92%,-72.51%,0.0287,0.027200000000000002,1760000.0,1.49,18.93,0.0134,2615832.0,48
PRIM,Primoris Services Corp,Industrials,Engineering & Construction,USA,8010000000.0,29.29,148.25,-0.0277,783118.0,0.0012,0.1924,0.0277,0.5743,0.1942,0.9875,479.78%,383.06%,663.00%,0.0374,0.04019999999999999,994760.0,0.79,148.25,-0.0277,783118.0,48
UCB,United Community Banks Inc,Financial,Banks - Regional,USA,4150000000.0000005,13.17,34.43,-0.0078000000000000005,931408.0,0.0165,0.08779999999999999,0.1779,0.12890000000000001,0.10279999999999999,0.04650000000000001,8.27%,9.27%,99.36%,0.0191,0.0258,785610.0,1.19,34.43,-0.0078000000000000005,931408.0,48
MRX,Marex Group Plc,Financial,Capital Markets,United Kingdom,2810000000.0,14.52,39.48,-0.0025,588180.0,0.0079,0.0178,0.2818,0.0233,0.0292,0.1059,-,-,-,0.0275,0.0315,577450.0,1.02,39.48,-0.0025,588180.0,48
MWA,Mueller Water Products Inc,Industrials,Specialty Industrial Machinery,USA,4230000000.0000005,22.23,27.07,0.003,1191612.0,0.018799999999999997,0.1149,0.0537,0.0933,0.1364,0.1852,123.90%,120.08%,232.15%,0.0187,0.0225,1340000.0,0.89,27.07,0.003,1191612.0,48
NTST,Netstreit Corp,Real Estate,REIT - Retail,USA,1580000000.0,11082.35,18.84,0.0096,1495244.0,0.030600000000000002,0.06860000000000001,0.0037,0.0335,0.068,0.3249,-3.38%,6.18%,-,0.023399999999999997,0.023399999999999997,1210000.0,1.23,18.84,0.0096,1495244.0,48
FULT,Fulton Financial Corp,Financial,Banks - Regional,USA,3710000000.0,9.92,20.65,0.0005,1718926.0,0.022799999999999997,0.0482,0.1793,0.15039999999999998,0.0683,0.0083,28.42%,42.51%,71.76%,0.0207,0.0265,1740000.0,0.99,20.65,0.0005,1718926.0,47
CC,Chemours Company,Basic Materials,Specialty Chemicals,USA,2250000000.0,,14.99,-0.016399999999999998,3028425.0,-0.0483,0.2682,0.0894,0.25129999999999997,0.27140000000000003,-0.209,-55.98%,-44.54%,294.47%,0.051399999999999994,0.0526,2760000.0,1.1,14.99,-0.016399999999999998,3028425.0,47
ASB,Associated Banc-Corp,Financial,Banks - Regional,USA,4530000000.0,9.86,27.26,-0.0033,2192210.0,0.031,0.0513,0.0983,0.10189999999999999,0.0582,0.1023,22.96%,41.98%,67.96%,0.020499999999999997,0.0248,1980000.0,1.11,27.26,-0.0033,2192210.0,47
NVAX,"Novavax, Inc",Healthcare,Biotechnology,USA,1440000000.0,5.0,8.85,-0.063,5015977.0,-0.0354,0.31620000000000004,0.0555,0.3301,0.31620000000000004,0.004,-20.39%,-93.03%,-92.88%,0.0687,0.0718,4590000.0,1.09,8.85,-0.063,5015977.0,47
FIP,FTAI Infrastructure Inc,Industrials,Conglomerates,USA,676830000.0,,5.82,-0.028399999999999998,1277632.0,-0.08349999999999999,0.268,0.10439999999999999,-0.0718,0.2625,-0.1698,75.83%,-,-,0.0602,0.057300000000000004,1350000.0,0.95,5.82,-0.028399999999999998,1277632.0,47
GKOS,Glaukos Corporation,Healthcare,Medical Devices,USA,6860000000.0,,119.38,0.0026,761121.0,-0.005,0.045,0.5486,0.38670000000000004,0.057300000000000004,-0.2492,148.97%,40.50%,630.60%,0.0545,0.0481,969860.0,0.78,119.38,0.0026,761121.0,47
SIG,Signet Jewelers Ltd,Consumer Cyclical,Luxury Goods,Bermuda,3750000000.0,27.58,92.27,0.0068000000000000005,746041.0,0.0276,0.1112,-0.08869999999999999,0.16649999999999998,0.1133,0.5778,19.91%,152.03%,-24.70%,0.0298,0.041299999999999996,876590.0,0.85,92.27,0.0068000000000000005,746041.0,47
HOMB,Home Bancshares Inc,Financial,Banks - Regional,USA,5670000000.0,12.03,28.9,-0.0014000000000000002,3659076.0,0.0194,0.0325,0.0852,0.0263,0.0403,-0.0434,28.67%,32.97%,65.10%,0.0155,0.0225,1190000.0,3.08,28.9,-0.0014000000000000002,3659076.0,46
KALV,KalVista Pharmaceuticals Inc,Healthcare,Biotechnology,USA,789030000.0,,15.61,-0.0026,553195.0,-0.0256,-0.0045000000000000005,0.4243,0.14529999999999998,-0.0334,0.7798999999999999,95.37%,-5.05%,-55.58%,0.0529,0.0672,1340000.0,0.41,15.61,-0.0026,553195.0,46
RNST,Renasant Corp,Financial,Banks - Regional,USA,3580000000.0,17.82,37.71,-0.0087,747507.0,0.0121,0.0632,0.1197,0.0292,0.0707,-0.0037,9.30%,-1.87%,22.20%,0.0339,0.029900000000000003,565530.0,1.32,37.71,-0.0087,747507.0,46
SFNC,Simmons First National Corp,Financial,Banks - Regional,USA,2940000000.0,,20.33,0.0005,942459.0,0.0125,0.0728,0.1779,0.0605,0.0785,-0.1,-6.10%,-23.14%,-3.67%,0.021,0.0271,1100000.0,0.85,20.33,0.0005,942459.0,46
SMTC,Semtech Corp,Technology,Semiconductors,USA,7380000000.0,262.16,79.75,-0.027200000000000002,2092532.0,-0.0096,0.0611,0.1465,0.5607,0.08220000000000001,0.3226,142.70%,-2.92%,333.90%,0.0552,0.0555,1580000.0,1.32,79.75,-0.027200000000000002,2092532.0,45
BIOA,BioAge Labs Inc,Healthcare,Drug Manufacturers - Specialty & Generic,USA,792880000.0,,18.99,-0.0058,580829.0,0.0096,0.3933,1.4727000000000001,3.3158999999999996,0.4354,2.8209,-,-,-,0.052300000000000006,0.10800000000000001,585140.0,0.99,18.99,-0.0058,580829.0,45
MCHB,Mechanics Bancorp,Financial,Banks - Regional,USA,3470000000.0,,14.99,-0.011899999999999999,629730.0,0.0197,0.0302,0.1153,0.146,0.0246,0.5518,-48.47%,-59.18%,-22.53%,0.0408,0.034300000000000004,643440.0,0.98,14.99,-0.011899999999999999,629730.0,45
NPKI,NPK International Inc,Energy,Oil & Gas Equipment & Services,USA,1170000000.0,36.08,13.81,-0.0014000000000000002,582329.0,0.0066,0.1394,0.011000000000000001,0.531,0.1586,0.9396,202.19%,441.57%,210.34%,0.0334,0.0387,747160.0,0.78,13.81,-0.0014000000000000002,582329.0,45
CTOS,Custom Truck One Source Inc,Industrials,Rental & Leasing Services,USA,1430000000.0,,6.32,0.0,1556991.0,-0.0032,0.0915,0.0464,0.021,0.09720000000000001,0.2177,-8.41%,-19.08%,-,0.0264,0.0346,752270.0,2.07,6.32,0.0,1556991.0,44
DBRG,DigitalBridge Group Inc,Financial,Asset Management,USA,2900000000.0,216.76,15.39,-0.0013,2473648.0,-0.0026,0.0072,0.2118,0.433,0.0033,0.46990000000000004,18.48%,-19.00%,-63.58%,0.0045000000000000005,0.004,7020000.0,0.35,15.39,-0.0013,2473648.0,44
BRSP,BrightSpire Capital Inc,Real Estate,REIT - Mortgage,USA,775800000.0,,5.98,-0.026099999999999998,1151549.0,0.0118,0.04,0.1456,0.15439999999999998,0.0679,0.0679,-10.83%,-22.93%,-,0.026600000000000002,0.025,730440.0,1.58,5.98,-0.026099999999999998,1151549.0,44
WTTR,Select Water Solutions Inc,Energy,Oil & Gas Equipment & Services,USA,1460000000.0,62.51,12.09,0.0025,966613.0,0.0075,0.1363,0.0203,0.2555,0.1492,-0.0771,39.93%,119.82%,-,0.0378,0.0414,760230.0,1.27,12.09,0.0025,966613.0,44
WKC,World Kinect Corp,Energy,Oil & Gas Refining & Marketing,USA,1500000000.0,,26.91,0.006,1141874.0,0.018500000000000003,0.1383,0.0479,-0.0132,0.1485,-0.0601,-5.28%,-17.02%,-31.19%,0.0291,0.0305,894180.0,1.28,26.91,0.006,1141874.0,44
AUB,Atlantic Union Bankshares Corp,Financial,Banks - Regional,USA,5540000000.0,19.1,38.84,-0.0092,1526389.0,-0.0008,0.0929,0.1834,0.22519999999999998,0.1003,0.039900000000000005,2.97%,7.12%,73.70%,0.0206,0.027000000000000003,1190000.0,1.28,38.84,-0.0092,1526389.0,44
CPRX,Catalyst Pharmaceuticals Inc,Healthcare,Biotechnology,USA,2990000000.0,14.18,24.3,-0.011399999999999999,972355.0,0.0305,0.0434,0.1566,0.1392,0.041100000000000005,0.014199999999999999,45.25%,554.99%,1057.14%,0.030699999999999998,0.0329,1310000.0,0.74,24.3,-0.011399999999999999,972355.0,44
LUMN,Lumen Technologies Inc,Communication Services,Telecom Services,USA,9050000000.0,,8.82,-0.0123,11609393.0,0.0292,0.12789999999999999,-0.19820000000000002,0.982,0.1351,0.7605,66.42%,-22.56%,-62.94%,0.063,0.0579,15330000.0,0.76,8.82,-0.0123,11609393.0,44
SBCF,Seacoast Banking Corp. Of Florida,Financial,Banks - Regional,USA,3270000000.0,20.97,33.44,-0.0199,964016.0,0.0021,0.0646,0.084,0.1862,0.0643,0.1837,6.50%,0.72%,138.35%,0.024399999999999998,0.0286,681070.0,1.42,33.44,-0.0199,964016.0,43
GVA,Granite Construction Inc,Industrials,Engineering & Construction,USA,5270000000.0,35.49,120.74,-0.0068000000000000005,385189.0,0.0038,0.034,0.1705,0.2781,0.0467,0.38880000000000003,193.77%,268.90%,209.99%,0.0195,0.023399999999999997,675690.0,0.57,120.74,-0.0068000000000000005,385189.0,43
PBF,PBF Energy Inc,Energy,Oil & Gas Refining & Marketing,USA,3880000000.0,,33.46,0.006,2524680.0,0.0015,0.2849,-0.0191,0.4805,0.23379999999999998,0.0989,-23.52%,293.18%,-5.85%,0.0478,0.067,3040000.0,0.83,33.46,0.006,2524680.0,43
PDM,Piedmont Realty Trust Inc,Real Estate,REIT - Office,USA,1050000000.0,,8.42,0.0084,1573685.0,0.0024,0.006,0.046,0.11380000000000001,0.0096,0.0048,-11.44%,-44.70%,-48.22%,0.0302,0.0274,710690.0,2.21,8.42,0.0084,1573685.0,43
KN,Knowles Corp,Technology,Electronic Components,USA,2060000000.0,54.35,24.24,-0.0134,682178.0,0.0125,0.1222,0.0276,0.1935,0.1311,0.2691,28.80%,20.66%,93.61%,0.024700000000000003,0.031200000000000002,702650.0,0.97,24.24,-0.0134,682178.0,43
PECO,Phillips Edison & Company Inc,Real Estate,REIT - Retail,USA,5020000000.0,59.37,36.23,0.0069,1016112.0,0.026099999999999998,0.01,0.0634,0.0722,0.018600000000000002,-0.0017000000000000001,10.76%,-,-,0.0203,0.0165,884890.0,1.15,36.23,0.0069,1016112.0,43
AMLX,Amylyx Pharmaceuticals Inc,Healthcare,Drug Manufacturers - Specialty & Generic,USA,1570000000.0,,14.29,-0.0377,2262095.0,-0.0933,0.19079999999999997,0.0288,0.7796,0.18289999999999998,3.1301,-64.76%,-,-,0.0638,0.0725,1620000.0,1.4,14.29,-0.0377,2262095.0,42
ERAS,Erasca Inc,Healthcare,Biotechnology,USA,3250000000.0,,10.51,0.0194,4565266.0,0.0552,1.9688999999999999,3.4534,6.4276,1.8253,4.712,168.80%,-,-,0.06849999999999999,0.15810000000000002,4550000.0,1.0,10.51,0.0194,4565266.0,42
LTH,Life Time Group Holdings Inc,Consumer Cyclical,Leisure,USA,6430000000.0,22.75,29.17,-0.0058,3020863.0,-0.0178,0.086,0.1654,0.015700000000000002,0.0974,-0.0051,65.36%,-,-,0.0258,0.0326,2140000.0,1.41,29.17,-0.0058,3020863.0,42
CVBF,CVB Financial Corp,Financial,Banks - Regional,USA,2670000000.0,13.04,19.71,0.0103,2597301.0,-0.0066,0.0484,0.061399999999999996,0.0546,0.059699999999999996,-0.0519,-18.49%,-7.51%,36.31%,0.022000000000000002,0.026099999999999998,1250000.0,2.07,19.71,0.0103,2597301.0,42
CORZ,Core Scientific Inc,Technology,Software - Infrastructure,USA,5580000000.0,129.15,17.99,-0.0451,13131311.0,-0.0426,0.23129999999999998,-0.1338,0.3287,0.23559999999999998,0.5698,-,-,-,0.057,0.0567,13060000.0,1.01,17.99,-0.0451,13131311.0,42
SPIR,Spire Global Inc,Industrials,Specialty Business Services,USA,396260000.0,24.73,11.45,-0.0537,602245.0,-0.1186,0.5025999999999999,0.0741,0.1416,0.5267000000000001,-0.37189999999999995,24.46%,-86.41%,-,0.09939999999999999,0.09380000000000001,749020.0,0.8,11.45,-0.0537,602245.0,42
ALDX,Aldeyra Therapeutics Inc,Healthcare,Biotechnology,USA,322470000.0,,5.36,0.0075,742864.0,0.032799999999999996,0.0408,0.0603,0.0741,0.0347,0.0347,-11.84%,-55.67%,-4.63%,0.0658,0.0739,1050000.0,0.71,5.36,0.0075,742864.0,42
IBRX,ImmunityBio Inc,Healthcare,Biotechnology,USA,6160000000.0,,6.25,0.0575,29537843.0,-0.031,2.1566,1.5826,1.5407,2.1566,0.9778,47.06%,-67.12%,-50.71%,0.115,0.1336,24530000.0,1.2,6.25,0.0575,29537843.0,42
NTLA,Intellia Therapeutics Inc,Healthcare,Biotechnology,USA,1520000000.0,,13.15,-0.054000000000000006,5299530.0,-0.1012,0.4514,0.0023,0.1297,0.46270000000000006,0.2994,-66.30%,-81.58%,-,0.1042,0.0898,6120000.0,0.87,13.15,-0.054000000000000006,5299530.0,42
UNFI,United Natural Foods Inc,Consumer Defensive,Food Distribution,USA,2270000000.0,,37.23,-0.0013,565697.0,0.0574,0.111,-0.0277,0.34700000000000003,0.1057,0.2402,-8.46%,32.44%,4.17%,0.0484,0.0388,950730.0,0.6,37.23,-0.0013,565697.0,41
ZD,Ziff Davis Inc,Communication Services,Advertising Agencies,USA,1510000000.0,15.47,38.22,-0.0348,518940.0,0.0003,0.0742,0.1335,0.2281,0.0873,-0.2916,-56.61%,-55.20%,-39.86%,0.0407,0.0453,640410.0,0.81,38.22,-0.0348,518940.0,41
BTSG,BrightSpring Health Services Inc,Healthcare,Health Information Services,USA,7080000000.0,65.56,39.27,-0.0141,1593655.0,-0.009300000000000001,0.0433,0.1533,0.9017000000000001,0.048600000000000004,0.6535,-,-,-,0.0384,0.036000000000000004,1960000.0,0.81,39.27,-0.0141,1593655.0,41
CTRE,CareTrust REIT Inc,Real Estate,REIT - Healthcare Facilities,USA,8340000000.0,27.82,37.34,0.006999999999999999,1685378.0,0.013300000000000001,0.0111,0.0986,0.17420000000000002,0.0326,0.42460000000000003,97.15%,72.04%,282.56%,0.021400000000000002,0.0225,1830000.0,0.92,37.34,0.006999999999999999,1685378.0,41
JAMF,Jamf Holding Corp,Technology,Software - Application,USA,1750000000.0,,13.05,0.0,0.0,0.0023,0.0038,0.1704,0.6151,0.0031,-0.17300000000000001,-31.24%,-61.78%,-,0.0025,0.0016,2590000.0,0.0,13.05,0.0,0.0,41
ANAB,AnaptysBio Inc,Healthcare,Biotechnology,USA,1310000000.0,,47.41,-0.0092,453729.0,-0.0027,-0.017,0.3126,0.9312,-0.022099999999999998,1.7216,90.40%,90.48%,-,0.0572,0.0634,547890.0,0.83,47.41,-0.0092,453729.0,41
BKU,BankUnited Inc,Financial,Banks - Regional,USA,3570000000.0,13.45,47.47,-0.0031,841039.0,-0.0036,0.0639,0.1776,0.3016,0.06509999999999999,0.1635,33.68%,27.92%,43.89%,0.02,0.0281,950320.0,0.89,47.47,-0.0031,841039.0,41
POR,Portland General Electric Co,Utilities,Utilities - Regulated Electric,USA,5650000000.0,18.23,50.25,-0.0004,1725094.0,0.018600000000000002,0.0449,0.0984,0.222,0.0471,0.2173,7.17%,18.88%,33.43%,0.016,0.0169,1120000.0,1.55,50.25,-0.0004,1725094.0,41
SPHR,Sphere Entertainment Co,Communication Services,Entertainment,USA,3370000000.0,,95.51,-0.0087,597082.0,-0.0072,-0.0129,0.4052,1.2186,0.0045000000000000005,1.0781,317.50%,114.53%,-,0.0361,0.0404,836670.0,0.71,95.51,-0.0087,597082.0,41
DEA,Easterly Government Properties Inc,Real Estate,REIT - Office,USA,1080000000.0,77.09,23.39,0.011200000000000002,569511.0,-0.0089,0.0956,0.08539999999999999,0.0632,0.1038,-0.15560000000000002,-38.10%,-56.62%,-40.53%,0.0265,0.023399999999999997,521530.0,1.09,23.39,0.011200000000000002,569511.0,40
VRE,Veris Residential Inc,Real Estate,REIT - Residential,USA,1420000000.0,23.41,15.19,0.0073,579924.0,0.0229,0.0066,0.0622,0.0788,0.0208,-0.0319,-4.65%,13.36%,-26.27%,0.02,0.022799999999999997,695040.0,0.83,15.19,0.0073,579924.0,40
GTLS,Chart Industries Inc,Industrials,Specialty Industrial Machinery,USA,9910000000.0,250.11,207.34,0.0007000000000000001,1205241.0,0.0001,0.004699999999999999,0.0382,0.042800000000000005,0.0054,0.0087,65.29%,52.46%,1207.31%,0.0022,0.002,606060.0,1.99,207.34,0.0007000000000000001,1205241.0,39
TE,T1 Energy Inc,Industrials,Electrical Equipment & Parts,USA,2250000000.0,,8.33,-0.061900000000000004,16306666.0,-0.02,0.2815,1.3138999999999998,6.0,0.247,3.4309,-5.23%,-20.36%,-,0.1125,0.1368,19020000.0,0.86,8.33,-0.061900000000000004,16306666.0,39
CSGS,CSG Systems International Inc,Technology,Software - Infrastructure,USA,2270000000.0,27.06,79.75,0.0013,575907.0,0.0008,0.039900000000000005,0.013600000000000001,0.2768,0.039900000000000005,0.3682,35.54%,76.75%,123.64%,0.0033,0.0037,524210.00000000006,1.1,79.75,0.0013,575907.0,39
IVT,InvenTrust Properties Corp,Real Estate,REIT - Retail,USA,2280000000.0,19.4,29.39,0.0152,570199.0,0.0148,0.0426,0.066,0.066,0.0418,-0.02,19.64%,0.15%,-,0.016,0.0169,539360.0,1.06,29.39,0.0152,570199.0,39
AHH,Armada Hoffler Properties Inc,Real Estate,REIT - Diversified,USA,558670000.0,51.55,6.97,0.0087,980370.0,0.0116,0.0403,0.0806,0.020499999999999997,0.0529,-0.2724,-40.94%,-34.51%,-29.09%,0.0213,0.0226,889070.0,1.1,6.97,0.0087,980370.0,39
STRL,Sterling Infrastructure Inc,Industrials,Engineering & Construction,USA,10990000000.0,35.09,357.91,-0.0562,476707.0,0.018600000000000002,0.16329999999999997,-0.11259999999999999,0.3375,0.16879999999999998,1.5363999999999998,967.43%,1451.41%,7219.22%,0.055999999999999994,0.052300000000000006,663100.0,0.72,357.91,-0.0562,476707.0,38
BNL,Broadstone Net Lease Inc,Real Estate,REIT - Diversified,USA,3500000000.0,39.97,18.51,0.0076,1886433.0,-0.0011,0.0553,0.0323,0.1398,0.06559999999999999,0.17149999999999999,11.62%,5.27%,-,0.0191,0.019,1870000.0,1.01,18.51,0.0076,1886433.0,37
MNKD,Mannkind Corp,Healthcare,Biotechnology,USA,1770000000.0,61.29,5.78,-0.0017000000000000001,4275162.0,0.058600000000000006,0.0212,0.0433,0.5291,0.0194,-0.054000000000000006,9.06%,54.13%,38.78%,0.0479,0.049,3740000.0,1.14,5.78,-0.0017000000000000001,4275162.0,37
SHLS,Shoals Technologies Group Inc,Technology,Solar,USA,1580000000.0,47.63,9.44,-0.0579,3489312.0,0.0239,0.1015,-0.11109999999999999,0.7514,0.1106,1.0522,-66.71%,-,-,0.07429999999999999,0.0694,4450000.0,0.78,9.44,-0.0579,3489312.0,37
NTCT,Netscout Systems Inc,Technology,Software - Infrastructure,USA,2009999999.9999998,22.63,27.81,0.0076,562449.0,0.0194,0.0168,0.048600000000000004,0.2983,0.0277,0.2443,-12.13%,-8.73%,1.61%,0.0252,0.027200000000000002,514919.99999999994,1.09,27.81,0.0076,562449.0,36
STNE,StoneCo Ltd,Technology,Software - Infrastructure,Cayman Islands,4380000000.0,,16.14,-0.0347,8764514.0,0.009399999999999999,0.0717,-0.1532,0.26289999999999997,0.0913,0.8195999999999999,44.24%,-78.71%,-,0.0438,0.041100000000000005,6700000.0,1.31,16.14,-0.0347,8764514.0,36
TRNO,Terreno Realty Corp,Real Estate,REIT - Industrial,USA,6360000000.0,19.62,61.54,0.0016,776348.0,-0.0155,0.0296,0.0558,0.109,0.0482,-0.0535,-1.34%,8.04%,186.55%,0.0259,0.0209,724200.0,1.07,61.54,0.0016,776348.0,35
NMRK,Newmark Group Inc,Real Estate,Real Estate Services,USA,3220000000.0,30.84,17.83,0.0068000000000000005,1101156.0,0.0433,0.0183,-0.0424,0.1753,0.028300000000000002,0.2846,106.60%,139.97%,-,0.029500000000000002,0.0353,1110000.0,0.99,17.83,0.0068000000000000005,1101156.0,35
BBIO,BridgeBio Pharma Inc,Healthcare,Biotechnology,USA,14890000000.0,,77.27,-0.0231,2302022.0,-0.0077,0.023700000000000002,0.15990000000000001,0.6347,0.0102,1.1193,744.48%,17.45%,-,0.032400000000000005,0.0438,2350000.0,0.98,77.27,-0.0231,2302022.0,34
HI,Hillenbrand Inc,Industrials,Specialty Industrial Machinery,USA,2250000000.0,52.47,31.91,0.0006,912318.0,0.0006,0.005699999999999999,0.0121,0.5408,0.006,-0.0545,-30.11%,-27.16%,21.28%,0.0017000000000000001,0.0019,880360.0,1.04,31.91,0.0006,912318.0,34
KRG,Kite Realty Group Trust,Real Estate,REIT - Retail,USA,5090000000.0,208.99,23.49,0.0095,1840758.0,0.0151,-0.0183,0.062,0.0751,-0.014199999999999999,0.0172,13.12%,38.92%,-6.53%,0.020499999999999997,0.0191,1880000.0,0.98,23.49,0.0095,1840758.0,33
FLR,Fluor Corporation,Industrials,Engineering & Construction,USA,7450000000.0,2.35,46.19,-0.016399999999999998,2271589.0,0.0134,0.1462,-0.0633,-0.1864,0.1655,-0.0397,24.70%,137.60%,7.69%,0.0336,0.0319,2990000.0,0.76,46.19,-0.016399999999999998,2271589.0,33
NOVT,Novanta Inc,Technology,Scientific & Technical Instruments,USA,4810000000.0,91.98,134.54,-0.04190000000000001,344955.0,-0.024300000000000002,0.1131,0.0461,0.09359999999999999,0.1307,-0.0894,-13.33%,2.72%,972.89%,0.039599999999999996,0.045599999999999995,634830.0,0.54,134.54,-0.04190000000000001,344955.0,32
CURB,Curbline Properties Corp,Real Estate,REIT - Retail,USA,2560000000.0,61.7,24.25,0.0113,699003.0,0.01,0.0408,0.0189,0.0987,0.044800000000000006,-0.012199999999999999,-,-,-,0.019,0.020099999999999996,746660.0,0.94,24.25,0.0113,699003.0,31
GLNG,Golar Lng,Energy,Oil & Gas Midstream,Bermuda,4250000000.0,,40.59,-0.0098,874841.0,0.0032,0.0885,-0.0015,-0.0138,0.0908,0.019799999999999998,73.17%,267.83%,125.63%,0.0285,0.0252,1170000.0,0.75,40.59,-0.0098,874841.0,30
RNA,Avidity Biosciences Inc,Healthcare,Biotechnology,USA,10940000000.0,,72.57,0.0,1266235.0,-0.0004,0.0058,0.04190000000000001,0.9768000000000001,0.0060999999999999995,1.2734999999999999,217.73%,183.37%,-,0.0022,0.0024,2880000.0,0.44,72.57,0.0,1266235.0,29
PRDO,Perdoceo Education Corporation,Consumer Defensive,Education & Training Services,USA,2060000000.0,13.69,32.03,0.008199999999999999,483910.0,-0.0006,0.07339999999999999,-0.0753,0.11289999999999999,0.09210000000000002,0.1366,116.42%,154.61%,953.62%,0.0317,0.0288,706380.0,0.69,32.03,0.008199999999999999,483910.0,29
UE,Urban Edge Properties,Real Estate,REIT - Retail,USA,2580000000.0,22.16,19.43,0.012,849229.0,0.015700000000000002,0.0031,-0.015700000000000002,-0.0147,0.0125,-0.0447,26.59%,31.99%,-14.20%,0.0229,0.021,836350.0,1.02,19.43,0.012,849229.0,29
CRVS,Corvus Pharmaceuticals Inc,Healthcare,Biotechnology,USA,1730000000.0,,20.7,-0.0115,2425683.0,-0.1753,1.7637,1.6953,3.964,1.6883000000000001,3.0748,2477.83%,422.73%,-,0.1024,0.1235,3380000.0,0.72,20.7,-0.0115,2425683.0,26
ALMS,Alumis Inc,Healthcare,Biotechnology,USA,3060000000.0,,24.51,-0.0868,1889924.0,-0.0004,1.4808000000000001,4.2038,4.9203,1.5112999999999999,2.7533999999999996,-,-,-,0.0929,0.1114,2850000.0,0.66,24.51,-0.0868,1889924.0,24
APPS,Digital Turbine Inc,Technology,Software - Application,USA,585420000.0,,5.22,-0.0351,2788824.0,-0.0095,0.035699999999999996,-0.1661,-0.042199999999999994,0.044000000000000004,1.1306,-68.15%,-91.93%,378.90%,0.0654,0.0693,3150000.0,0.88,5.22,-0.0351,2788824.0,19
ADTN,ADTRAN Holdings Inc,Technology,Communication Equipment,USA,738670000.0,,9.22,-0.016,1415682.0,-0.0346,0.0418,-0.0916,-0.0075,0.061,-0.0611,-48.58%,-47.37%,-51.06%,0.0361,0.0416,1460000.0,0.97,9.22,-0.016,1415682.0,19
RUN,Sunrun Inc,Technology,Solar,USA,4410000000.0,,19.0,-0.0385,7738854.0,-0.0256,-0.004699999999999999,-0.0557,0.8519,0.0326,1.0234,-21.68%,-75.83%,116.15%,0.08689999999999999,0.076,7620000.0,1.02,19.0,-0.0385,7738854.0,17
